-- --------------------------------------------------------
-- Host:                         mysql-mariadb-sea01-10-101.zap-hosting.com
-- Server version:               10.3.23-MariaDB-0+deb10u1 - Debian 10
-- Server OS:                    debian-linux-gnu
-- HeidiSQL Version:             11.2.0.6213
-- --------------------------------------------------------

/*!40101 SET @OLD_CHARACTER_SET_CLIENT=@@CHARACTER_SET_CLIENT */;
/*!40101 SET NAMES utf8 */;
/*!50503 SET NAMES utf8mb4 */;
/*!40014 SET @OLD_FOREIGN_KEY_CHECKS=@@FOREIGN_KEY_CHECKS, FOREIGN_KEY_CHECKS=0 */;
/*!40101 SET @OLD_SQL_MODE=@@SQL_MODE, SQL_MODE='NO_AUTO_VALUE_ON_ZERO' */;
/*!40111 SET @OLD_SQL_NOTES=@@SQL_NOTES, SQL_NOTES=0 */;


-- Dumping database structure for zap669487-1
CREATE DATABASE IF NOT EXISTS `zap669487-1` /*!40100 DEFAULT CHARACTER SET utf8mb4 */;
USE `zap669487-1`;

-- Dumping structure for table zap669487-1.addon_account
CREATE TABLE IF NOT EXISTS `addon_account` (
  `name` varchar(60) NOT NULL,
  `label` varchar(100) NOT NULL,
  `shared` int(11) NOT NULL,
  PRIMARY KEY (`name`)
) ENGINE=InnoDB DEFAULT CHARSET=utf8mb4;

-- Dumping data for table zap669487-1.addon_account: ~10 rows (approximately)
/*!40000 ALTER TABLE `addon_account` DISABLE KEYS */;
INSERT INTO `addon_account` (`name`, `label`, `shared`) VALUES
	('caution', 'caution', 0),
	('society_admin', 'admin', 1),
	('society_ambulance', 'EMS', 1),
	('society_auctionhouse', 'auctionhouse', 1),
	('society_BPG', 'BPG', 1),
	('society_cardealer', 'Cardealer', 1),
	('society_Lawyer', 'Lawyer', 1),
	('society_mecano', 'Mechanic', 1),
	('society_mechanic', 'Mechanic', 1),
	('society_police', 'Police', 1),
	('society_sheriff', 'Sheriff', 1),
	('society_taxi', 'Taxi', 1),
	('society_weazelnews', 'Weazel News', 1);
/*!40000 ALTER TABLE `addon_account` ENABLE KEYS */;

-- Dumping structure for table zap669487-1.addon_account_data
CREATE TABLE IF NOT EXISTS `addon_account_data` (
  `id` int(11) NOT NULL AUTO_INCREMENT,
  `account_name` varchar(100) DEFAULT NULL,
  `money` int(11) NOT NULL,
  `owner` varchar(100) DEFAULT NULL,
  PRIMARY KEY (`id`),
  UNIQUE KEY `index_addon_account_data_account_name_owner` (`account_name`,`owner`),
  KEY `index_addon_account_data_account_name` (`account_name`)
) ENGINE=InnoDB AUTO_INCREMENT=34 DEFAULT CHARSET=utf8mb4;

-- Dumping data for table zap669487-1.addon_account_data: ~30 rows (approximately)
/*!40000 ALTER TABLE `addon_account_data` DISABLE KEYS */;
INSERT INTO `addon_account_data` (`id`, `account_name`, `money`, `owner`) VALUES
	(1, 'society_ambulance', 0, NULL),
	(2, 'society_auctionhouse', 0, NULL),
	(3, 'society_cardealer', 973025200, NULL),
	(4, 'society_mechanic', 2000, NULL),
	(5, 'society_police', 1000035000, NULL),
	(6, 'society_sheriff', 0, NULL),
	(7, 'society_taxi', 0, NULL),
	(8, 'caution', 4000, 'steam:11000013bebd70f'),
	(9, 'society_BPG', 0, NULL),
	(10, 'society_admin', 0, NULL),
	(11, 'caution', 0, 'steam:11000013c114000'),
	(12, 'caution', 0, 'steam:11000014303991c'),
	(13, 'caution', 0, 'steam:110000140ae1687'),
	(14, 'caution', 0, 'steam:110000133c78556'),
	(15, 'caution', 0, 'steam:11000013ffeca21'),
	(16, 'society_Lawyer', 0, NULL),
	(17, 'society_mecano', 0, NULL),
	(18, 'caution', 0, 'steam:110000145901692'),
	(19, 'caution', 0, 'steam:110000142f1fc31'),
	(20, 'caution', 0, 'steam:110000106e62a8a'),
	(21, 'caution', 0, 'steam:1100001424d5ce8'),
	(22, 'caution', 0, 'steam:1100001430f0700'),
	(23, 'caution', 0, 'steam:1100001416c47ff'),
	(24, 'caution', 0, 'steam:110000144df859b'),
	(25, 'society_weazelnews', 0, NULL),
	(26, 'caution', 0, 'steam:1100001401d494e'),
	(27, 'caution', 0, 'steam:1100001415271ea'),
	(28, 'caution', 0, 'steam:110000137aa1eef'),
	(29, 'caution', 0, 'steam:11000014177c2c6'),
	(30, 'caution', 0, 'steam:1100001427ab85b'),
	(31, 'caution', 0, 'steam:1100001435e9308'),
	(32, 'caution', 0, 'steam:110000133912c7d'),
	(33, 'caution', 0, 'steam:11000013570ddfa');
/*!40000 ALTER TABLE `addon_account_data` ENABLE KEYS */;

-- Dumping structure for table zap669487-1.addon_inventory
CREATE TABLE IF NOT EXISTS `addon_inventory` (
  `name` varchar(60) NOT NULL,
  `label` varchar(100) NOT NULL,
  `shared` int(11) NOT NULL,
  PRIMARY KEY (`name`)
) ENGINE=InnoDB DEFAULT CHARSET=utf8mb4;

-- Dumping data for table zap669487-1.addon_inventory: ~10 rows (approximately)
/*!40000 ALTER TABLE `addon_inventory` DISABLE KEYS */;
INSERT INTO `addon_inventory` (`name`, `label`, `shared`) VALUES
	('housing', 'Housing', 0),
	('society_admin', 'admin', 1),
	('society_ambulance', 'EMS', 1),
	('society_auctionhouse', 'auctionhouse', 1),
	('society_BPG', 'BPG', 1),
	('society_cardealer', 'Cardealer', 1),
	('society_Lawyer', 'Lawyer', 1),
	('society_mecano', 'Mechanic', 1),
	('society_mechanic', 'Mechanic', 1),
	('society_police', 'Police', 1),
	('society_sheriff', 'Sheriff', 1),
	('society_taxi', 'Taxi', 1),
	('society_weazelnews', 'Weazel News', 1);
/*!40000 ALTER TABLE `addon_inventory` ENABLE KEYS */;

-- Dumping structure for table zap669487-1.addon_inventory_items
CREATE TABLE IF NOT EXISTS `addon_inventory_items` (
  `id` int(11) NOT NULL AUTO_INCREMENT,
  `inventory_name` varchar(100) NOT NULL,
  `name` varchar(100) NOT NULL,
  `count` int(11) NOT NULL,
  `owner` varchar(60) DEFAULT NULL,
  PRIMARY KEY (`id`),
  KEY `index_addon_inventory_items_inventory_name_name` (`inventory_name`,`name`),
  KEY `index_addon_inventory_items_inventory_name_name_owner` (`inventory_name`,`name`,`owner`),
  KEY `index_addon_inventory_inventory_name` (`inventory_name`)
) ENGINE=InnoDB AUTO_INCREMENT=8 DEFAULT CHARSET=utf8mb4;

-- Dumping data for table zap669487-1.addon_inventory_items: ~7 rows (approximately)
/*!40000 ALTER TABLE `addon_inventory_items` DISABLE KEYS */;
INSERT INTO `addon_inventory_items` (`id`, `inventory_name`, `name`, `count`, `owner`) VALUES
	(1, 'society_police', 'HeavyArmor', 2147483642, NULL),
	(2, 'society_mechanic', 'fixtool', 2, NULL),
	(3, 'society_police', 'bread', 19993, NULL),
	(4, 'society_police', 'water', 19993, NULL),
	(5, 'society_police', 'phone', 0, NULL),
	(6, 'society_police', 'arAmmo', 10011, NULL),
	(7, 'society_police', 'repairkit', 10997, NULL);
/*!40000 ALTER TABLE `addon_inventory_items` ENABLE KEYS */;

-- Dumping structure for table zap669487-1.billing
CREATE TABLE IF NOT EXISTS `billing` (
  `id` int(11) NOT NULL AUTO_INCREMENT,
  `identifier` varchar(255) NOT NULL,
  `sender` varchar(255) NOT NULL,
  `target_type` varchar(50) NOT NULL,
  `target` varchar(255) NOT NULL,
  `label` varchar(255) NOT NULL,
  `amount` int(11) NOT NULL,
  PRIMARY KEY (`id`)
) ENGINE=InnoDB AUTO_INCREMENT=7 DEFAULT CHARSET=utf8mb4;

-- Dumping data for table zap669487-1.billing: ~2 rows (approximately)
/*!40000 ALTER TABLE `billing` DISABLE KEYS */;
INSERT INTO `billing` (`id`, `identifier`, `sender`, `target_type`, `target`, `label`, `amount`) VALUES
	(5, 'steam:110000137aa1eef', 'steam:110000140ae1687', 'society', 'society_police', 'Fine: Assault of an LEO', 2500);
/*!40000 ALTER TABLE `billing` ENABLE KEYS */;

-- Dumping structure for table zap669487-1.bought_houses
CREATE TABLE IF NOT EXISTS `bought_houses` (
  `houseid` int(50) NOT NULL,
  PRIMARY KEY (`houseid`)
) ENGINE=InnoDB DEFAULT CHARSET=utf8;

-- Dumping data for table zap669487-1.bought_houses: ~0 rows (approximately)
/*!40000 ALTER TABLE `bought_houses` DISABLE KEYS */;
/*!40000 ALTER TABLE `bought_houses` ENABLE KEYS */;

-- Dumping structure for table zap669487-1.bwh_bans
CREATE TABLE IF NOT EXISTS `bwh_bans` (
  `id` int(11) NOT NULL AUTO_INCREMENT,
  `receiver` text NOT NULL,
  `sender` varchar(60) NOT NULL,
  `length` datetime DEFAULT NULL,
  `reason` text NOT NULL,
  `unbanned` tinyint(4) NOT NULL DEFAULT 0,
  PRIMARY KEY (`id`)
) ENGINE=InnoDB AUTO_INCREMENT=5 DEFAULT CHARSET=utf8mb4;

-- Dumping data for table zap669487-1.bwh_bans: ~1 rows (approximately)
/*!40000 ALTER TABLE `bwh_bans` DISABLE KEYS */;
/*!40000 ALTER TABLE `bwh_bans` ENABLE KEYS */;

-- Dumping structure for table zap669487-1.bwh_identifiers
CREATE TABLE IF NOT EXISTS `bwh_identifiers` (
  `steam` varchar(60) NOT NULL,
  `license` varchar(60) NOT NULL,
  `ip` varchar(60) NOT NULL,
  `name` varchar(128) NOT NULL,
  `xbl` varchar(60) DEFAULT NULL,
  `live` varchar(60) DEFAULT NULL,
  `discord` varchar(60) DEFAULT NULL,
  `fivem` varchar(60) DEFAULT NULL,
  PRIMARY KEY (`steam`)
) ENGINE=InnoDB DEFAULT CHARSET=utf8mb4;

-- Dumping data for table zap669487-1.bwh_identifiers: ~21 rows (approximately)
/*!40000 ALTER TABLE `bwh_identifiers` DISABLE KEYS */;
INSERT INTO `bwh_identifiers` (`steam`, `license`, `ip`, `name`, `xbl`, `live`, `discord`, `fivem`) VALUES
	('steam:110000106e62a8a', 'license:8915c22c1e95e9dca419e4326ff869f6fd2aa84d', 'ip:109.177.80.207', 'abdulr78', NULL, NULL, NULL, NULL),
	('steam:110000133912c7d', 'license:061dcb87a9d39262ab31f118aa5870e6437d834a', 'ip:109.94.119.161', 'anovicgoran', NULL, NULL, 'discord:791407130778796062', NULL),
	('steam:110000133c78556', 'license:8a8c8b294feb8dea31c745cc618cd7eaa1eb4979', 'ip:202.142.155.154', 'Bunny Plays', NULL, NULL, 'discord:412969610082779137', NULL),
	('steam:11000013570ddfa', 'license:ecd1a328872332f6aa6a3b41518b87a4e1098c40', 'ip:39.38.35.62', '[Khaddim]ABDULLAH', 'xbl:2535461396123265', 'live:1055518891099019', 'discord:542234386867814400', NULL),
	('steam:110000137aa1eef', 'license:7217b8b9bb66df18c594118fb1d27960dec928a9', 'ip:39.52.211.176', '[BPG] Princeimu', NULL, NULL, 'discord:437180604543664129', NULL),
	('steam:11000013a326e16', 'license:4277b4ecc2cb8e4c15b86cb3fd401ba526760a0f', 'ip:42.201.178.89', 'khatarnak [Chatri]', 'xbl:2535422565885828', 'live:1055518754794772', 'discord:590237670328762374', NULL),
	('steam:11000013bebd70f', 'license:a45c99f79651488e6a3207022666c92ef61e6add', 'ip:103.159.75.155', '[BPG] MZI', NULL, NULL, 'discord:543676445386604544', NULL),
	('steam:11000013c114000', 'license:bdebba303562a7429763a9a12048a0ce0f924dcd', 'ip:39.62.61.42', 'OCTONUM', NULL, NULL, 'discord:701901651107250287', NULL),
	('steam:11000013ffeca21', 'license:7217b8b9bb66df18c594118fb1d27960dec928a9', 'ip:39.52.242.192', '[BPG] BEAST', NULL, NULL, 'discord:661541976495095858', NULL),
	('steam:1100001401d494e', 'license:17c31ead621c32d7bca16efa595bab0cab3db373', 'ip:111.119.187.43', 'ALQAEDA PLAYS', NULL, NULL, 'discord:639056899060400138', NULL),
	('steam:110000140ae1687', 'license:2b8848420a2be1f6b2af347dd77dec27aefbaf59', 'ip:182.176.91.191', 'Hussnain Op', NULL, NULL, NULL, NULL),
	('steam:1100001415271ea', 'license:73e34838029603c62d07df25807bf25ac5163a8d', 'ip:110.38.92.114', 'TyPsy[PANDEY]', NULL, NULL, 'discord:495965474048311317', NULL),
	('steam:1100001416c47ff', 'license:f5fa87e139f703026637b3f77ea67f388a325c55', 'ip:90.90.60.201', 'Ali Ahmad', 'xbl:2535433309260699', 'live:1055519103446206', 'discord:581367397022433280', NULL),
	('steam:11000014177c2c6', 'license:9d67466ce0518e05254d0ae7272d36708ac4f768', 'ip:27.61.234.106', 'UnstoppableBoy', NULL, 'live:1055519092570499', 'discord:575222604462293005', NULL),
	('steam:1100001424d5ce8', 'license:ed6cbcd8a16255fa86b6439a0d412e8169ad84b4', 'ip:39.57.48.26', 'ali', 'xbl:2535447275954589', 'live:1055519174495504', 'discord:547739989023129600', NULL),
	('steam:1100001427ab85b', 'license:37138cb720fa1665c42acdca15961aab129f8c8c', 'ip:223.188.63.83', 'nasirkhan5321', NULL, NULL, 'discord:565166146505146368', NULL),
	('steam:110000142f1fc31', 'license:c9bf53d4f43c814c2a4e30d86adfd5f7f153a984', 'ip:39.49.3.207', 'Numan', NULL, NULL, 'discord:564222981807800320', NULL),
	('steam:11000014303991c', 'license:64011b6aad51230124f480f3f217ee3bac224b5c', 'ip:117.102.2.32', 'YT ASAD GAMING', NULL, 'live:1055519122414709', 'discord:703916995724181535', NULL),
	('steam:1100001430f0700', 'license:64011b6aad51230124f480f3f217ee3bac224b5c', 'ip:103.159.75.67', 'YT ASAD GAMING', NULL, NULL, 'discord:543676445386604544', NULL),
	('steam:110000144df859b', 'license:272e57b7a85d91b7fe77bfb465057e1d08cafba0', 'ip:39.53.235.54', 'Nobita', NULL, NULL, 'discord:580818140619866133', NULL),
	('steam:110000145038f17', 'license:64c2fbc7e23c5bd410ea50735522efba2c245cda', 'ip:111.119.183.18', 'Sharafat Bhai <3', NULL, NULL, NULL, NULL),
	('steam:110000145901692', 'license:836778f9e728fd8d11cfb36d53546cf2a0a6473c', 'ip:91.246.252.184', 'zan.pavcic', 'xbl:2535450618302855', 'live:985154040293373', 'discord:544480177392975884', NULL);
/*!40000 ALTER TABLE `bwh_identifiers` ENABLE KEYS */;

-- Dumping structure for table zap669487-1.bwh_warnings
CREATE TABLE IF NOT EXISTS `bwh_warnings` (
  `id` int(11) NOT NULL AUTO_INCREMENT,
  `receiver` text NOT NULL,
  `sender` varchar(60) NOT NULL,
  `message` text NOT NULL,
  PRIMARY KEY (`id`)
) ENGINE=InnoDB AUTO_INCREMENT=7 DEFAULT CHARSET=utf8mb4;

-- Dumping data for table zap669487-1.bwh_warnings: ~5 rows (approximately)
/*!40000 ALTER TABLE `bwh_warnings` DISABLE KEYS */;
INSERT INTO `bwh_warnings` (`id`, `receiver`, `sender`, `message`) VALUES
	(1, 'steam:11000013bebd70f', 'steam:11000013bebd70f', 'hello'),
	(2, 'steam:110000144df859b', 'steam:11000013ffeca21', 'baz ajao'),
	(3, 'steam:110000133c78556', 'steam:11000013ffeca21', 'baz ajao'),
	(4, 'steam:110000140ae1687', 'steam:11000013ffeca21', 'baz ajao'),
	(5, 'steam:11000013bebd70f', 'steam:11000013ffeca21', 'baz ajao'),
	(6, 'steam:1100001435e9308', 'steam:11000013bebd70f', 'NA KR GUN NIKALNE DE');
/*!40000 ALTER TABLE `bwh_warnings` ENABLE KEYS */;

-- Dumping structure for table zap669487-1.cardealer_vehicles
CREATE TABLE IF NOT EXISTS `cardealer_vehicles` (
  `id` int(11) NOT NULL AUTO_INCREMENT,
  `vehicle` varchar(255) NOT NULL,
  `price` int(11) NOT NULL,
  PRIMARY KEY (`id`)
) ENGINE=InnoDB AUTO_INCREMENT=14 DEFAULT CHARSET=utf8mb4;

-- Dumping data for table zap669487-1.cardealer_vehicles: ~3 rows (approximately)
/*!40000 ALTER TABLE `cardealer_vehicles` DISABLE KEYS */;
INSERT INTO `cardealer_vehicles` (`id`, `vehicle`, `price`) VALUES
	(8, 'voltic2', 3830400),
	(11, 'oppressor', 3524500),
	(13, 'visione', 2250000);
/*!40000 ALTER TABLE `cardealer_vehicles` ENABLE KEYS */;

-- Dumping structure for table zap669487-1.characters
CREATE TABLE IF NOT EXISTS `characters` (
  `id` int(11) NOT NULL AUTO_INCREMENT,
  `identifier` varchar(255) NOT NULL,
  `firstname` varchar(255) NOT NULL,
  `lastname` varchar(255) NOT NULL,
  `dateofbirth` varchar(255) NOT NULL,
  `sex` varchar(1) NOT NULL DEFAULT 'M',
  `height` varchar(128) NOT NULL,
  PRIMARY KEY (`id`)
) ENGINE=InnoDB AUTO_INCREMENT=24 DEFAULT CHARSET=utf8mb4;

-- Dumping data for table zap669487-1.characters: ~5 rows (approximately)
/*!40000 ALTER TABLE `characters` DISABLE KEYS */;
INSERT INTO `characters` (`id`, `identifier`, `firstname`, `lastname`, `dateofbirth`, `sex`, `height`) VALUES
	(19, 'steam:11000013bebd70f', 'MZI', 'OP', '2005-19-19', 'm', '150'),
	(20, 'steam:1100001435e9308', 'King', 'Khan', 'oct 2001', 'm', '150'),
	(21, 'steam:110000133912c7d', 'NOKIJA', 'EURODRMEX', '16091988', 'm', '195'),
	(22, 'steam:110000140ae1687', 'Hussnain', 'Op', '2000-02-02', 'm', '140'),
	(23, 'steam:11000013570ddfa', 'Abdullah', 'Nizamani', '2000-08-21', 'm', '200');
/*!40000 ALTER TABLE `characters` ENABLE KEYS */;

-- Dumping structure for table zap669487-1.crew_phone_bank
CREATE TABLE IF NOT EXISTS `crew_phone_bank` (
  `id` int(11) NOT NULL AUTO_INCREMENT,
  `type` int(11) NOT NULL DEFAULT 1,
  `identifier` varchar(50) NOT NULL,
  `name` varchar(50) NOT NULL,
  `price` int(11) NOT NULL,
  `time` timestamp NOT NULL DEFAULT current_timestamp(),
  PRIMARY KEY (`id`)
) ENGINE=InnoDB AUTO_INCREMENT=27 DEFAULT CHARSET=utf8mb4;

-- Dumping data for table zap669487-1.crew_phone_bank: ~2 rows (approximately)
/*!40000 ALTER TABLE `crew_phone_bank` DISABLE KEYS */;
INSERT INTO `crew_phone_bank` (`id`, `type`, `identifier`, `name`, `price`, `time`) VALUES
	(25, 1, 'steam:11000013ffeca21', 'BPG ASAD', 2222, '2021-02-07 03:53:13'),
	(26, 2, 'steam:11000014303991c', 'MR BEAST', 2222, '2021-02-07 03:53:13');
/*!40000 ALTER TABLE `crew_phone_bank` ENABLE KEYS */;

-- Dumping structure for table zap669487-1.crew_phone_news
CREATE TABLE IF NOT EXISTS `crew_phone_news` (
  `id` int(11) NOT NULL AUTO_INCREMENT,
  `data` longtext DEFAULT NULL,
  PRIMARY KEY (`id`)
) ENGINE=InnoDB AUTO_INCREMENT=11 DEFAULT CHARSET=utf8;

-- Dumping data for table zap669487-1.crew_phone_news: ~0 rows (approximately)
/*!40000 ALTER TABLE `crew_phone_news` DISABLE KEYS */;
/*!40000 ALTER TABLE `crew_phone_news` ENABLE KEYS */;

-- Dumping structure for table zap669487-1.datastore
CREATE TABLE IF NOT EXISTS `datastore` (
  `name` varchar(60) NOT NULL,
  `label` varchar(100) NOT NULL,
  `shared` int(11) NOT NULL,
  PRIMARY KEY (`name`)
) ENGINE=InnoDB DEFAULT CHARSET=utf8mb4;

-- Dumping data for table zap669487-1.datastore: ~11 rows (approximately)
/*!40000 ALTER TABLE `datastore` DISABLE KEYS */;
INSERT INTO `datastore` (`name`, `label`, `shared`) VALUES
	('housing', 'Housing', 0),
	('society_admin', 'admin', 1),
	('society_ambulance', 'EMS', 1),
	('society_BPG', 'BPG', 1),
	('society_Lawyer', 'Lawyer', 1),
	('society_mechanic', 'Mechanic', 1),
	('society_police', 'Police', 1),
	('society_sheriff', 'Sheriff', 1),
	('user_ears', 'Ears', 0),
	('user_glasses', 'Glasses', 0),
	('user_helmet', 'Helmet', 0),
	('user_mask', 'Mask', 0);
/*!40000 ALTER TABLE `datastore` ENABLE KEYS */;

-- Dumping structure for table zap669487-1.datastore_data
CREATE TABLE IF NOT EXISTS `datastore_data` (
  `id` int(11) NOT NULL AUTO_INCREMENT,
  `name` varchar(60) NOT NULL,
  `owner` varchar(60) DEFAULT NULL,
  `data` longtext DEFAULT NULL,
  PRIMARY KEY (`id`),
  UNIQUE KEY `index_datastore_data_name_owner` (`name`,`owner`),
  KEY `index_datastore_data_name` (`name`)
) ENGINE=InnoDB AUTO_INCREMENT=113 DEFAULT CHARSET=utf8mb4;

-- Dumping data for table zap669487-1.datastore_data: ~102 rows (approximately)
/*!40000 ALTER TABLE `datastore_data` DISABLE KEYS */;
INSERT INTO `datastore_data` (`id`, `name`, `owner`, `data`) VALUES
	(1, 'society_ambulance', NULL, '{}'),
	(2, 'society_mechanic', NULL, '{}'),
	(3, 'society_police', NULL, '{}'),
	(4, 'society_sheriff', NULL, '{}'),
	(5, 'housing', 'steam:11000013bebd70f', '{}'),
	(6, 'user_ears', 'steam:11000013bebd70f', '{}'),
	(7, 'user_helmet', 'steam:11000013bebd70f', '{}'),
	(8, 'user_glasses', 'steam:11000013bebd70f', '{}'),
	(9, 'user_mask', 'steam:11000013bebd70f', '{}'),
	(10, 'society_BPG', NULL, '{}'),
	(11, 'society_admin', NULL, '{}'),
	(12, 'housing', 'steam:11000013c114000', '{}'),
	(13, 'user_ears', 'steam:11000013c114000', '{}'),
	(14, 'user_glasses', 'steam:11000013c114000', '{}'),
	(15, 'user_helmet', 'steam:11000013c114000', '{}'),
	(16, 'user_mask', 'steam:11000013c114000', '{}'),
	(17, 'housing', 'steam:11000014303991c', '{}'),
	(18, 'user_ears', 'steam:11000014303991c', '{}'),
	(19, 'user_glasses', 'steam:11000014303991c', '{}'),
	(20, 'user_helmet', 'steam:11000014303991c', '{}'),
	(21, 'user_mask', 'steam:11000014303991c', '{}'),
	(22, 'housing', 'steam:110000140ae1687', '{}'),
	(23, 'user_ears', 'steam:110000140ae1687', '{}'),
	(24, 'user_glasses', 'steam:110000140ae1687', '{}'),
	(25, 'user_helmet', 'steam:110000140ae1687', '{}'),
	(26, 'user_mask', 'steam:110000140ae1687', '{}'),
	(27, 'housing', 'steam:110000133c78556', '{}'),
	(28, 'user_ears', 'steam:110000133c78556', '{}'),
	(29, 'user_glasses', 'steam:110000133c78556', '{}'),
	(30, 'user_helmet', 'steam:110000133c78556', '{}'),
	(31, 'user_mask', 'steam:110000133c78556', '{}'),
	(32, 'housing', 'steam:11000013ffeca21', '{}'),
	(33, 'user_ears', 'steam:11000013ffeca21', '{}'),
	(34, 'user_glasses', 'steam:11000013ffeca21', '{}'),
	(35, 'user_helmet', 'steam:11000013ffeca21', '{}'),
	(36, 'user_mask', 'steam:11000013ffeca21', '{}'),
	(37, 'society_Lawyer', NULL, '{}'),
	(38, 'housing', 'steam:110000145901692', '{}'),
	(39, 'user_ears', 'steam:110000145901692', '{}'),
	(40, 'user_glasses', 'steam:110000145901692', '{}'),
	(41, 'user_helmet', 'steam:110000145901692', '{}'),
	(42, 'user_mask', 'steam:110000145901692', '{}'),
	(43, 'user_helmet', 'steam:110000142f1fc31', '{}'),
	(44, 'housing', 'steam:110000142f1fc31', '{}'),
	(45, 'user_glasses', 'steam:110000142f1fc31', '{}'),
	(46, 'user_mask', 'steam:110000142f1fc31', '{}'),
	(47, 'user_ears', 'steam:110000142f1fc31', '{}'),
	(48, 'housing', 'steam:110000106e62a8a', '{}'),
	(49, 'user_ears', 'steam:110000106e62a8a', '{}'),
	(50, 'user_glasses', 'steam:110000106e62a8a', '{}'),
	(51, 'user_helmet', 'steam:110000106e62a8a', '{}'),
	(52, 'user_mask', 'steam:110000106e62a8a', '{}'),
	(53, 'housing', 'steam:1100001424d5ce8', '{}'),
	(54, 'user_ears', 'steam:1100001424d5ce8', '{}'),
	(55, 'user_glasses', 'steam:1100001424d5ce8', '{}'),
	(56, 'user_helmet', 'steam:1100001424d5ce8', '{}'),
	(57, 'user_mask', 'steam:1100001424d5ce8', '{}'),
	(58, 'housing', 'steam:1100001430f0700', '{}'),
	(59, 'user_ears', 'steam:1100001430f0700', '{}'),
	(60, 'user_glasses', 'steam:1100001430f0700', '{}'),
	(61, 'user_helmet', 'steam:1100001430f0700', '{}'),
	(62, 'user_mask', 'steam:1100001430f0700', '{}'),
	(63, 'housing', 'steam:1100001416c47ff', '{}'),
	(64, 'user_ears', 'steam:1100001416c47ff', '{}'),
	(65, 'user_glasses', 'steam:1100001416c47ff', '{}'),
	(66, 'user_helmet', 'steam:1100001416c47ff', '{}'),
	(67, 'user_mask', 'steam:1100001416c47ff', '{}'),
	(68, 'housing', 'steam:110000144df859b', '{}'),
	(69, 'user_ears', 'steam:110000144df859b', '{}'),
	(70, 'user_glasses', 'steam:110000144df859b', '{}'),
	(71, 'user_helmet', 'steam:110000144df859b', '{}'),
	(72, 'user_mask', 'steam:110000144df859b', '{}'),
	(73, 'housing', 'steam:1100001401d494e', '{}'),
	(74, 'user_ears', 'steam:1100001401d494e', '{}'),
	(75, 'user_glasses', 'steam:1100001401d494e', '{}'),
	(76, 'user_helmet', 'steam:1100001401d494e', '{}'),
	(77, 'user_mask', 'steam:1100001401d494e', '{}'),
	(78, 'user_glasses', 'steam:1100001415271ea', '{}'),
	(79, 'housing', 'steam:1100001415271ea', '{}'),
	(80, 'user_ears', 'steam:1100001415271ea', '{}'),
	(81, 'user_helmet', 'steam:1100001415271ea', '{}'),
	(82, 'user_mask', 'steam:1100001415271ea', '{}'),
	(83, 'housing', 'steam:110000137aa1eef', '{}'),
	(84, 'user_ears', 'steam:110000137aa1eef', '{}'),
	(85, 'user_glasses', 'steam:110000137aa1eef', '{}'),
	(86, 'user_helmet', 'steam:110000137aa1eef', '{}'),
	(87, 'user_mask', 'steam:110000137aa1eef', '{}'),
	(88, 'housing', 'steam:11000014177c2c6', '{}'),
	(89, 'user_ears', 'steam:11000014177c2c6', '{}'),
	(90, 'user_glasses', 'steam:11000014177c2c6', '{}'),
	(91, 'user_helmet', 'steam:11000014177c2c6', '{}'),
	(92, 'user_mask', 'steam:11000014177c2c6', '{}'),
	(93, 'housing', 'steam:1100001427ab85b', '{}'),
	(94, 'user_ears', 'steam:1100001427ab85b', '{}'),
	(95, 'user_glasses', 'steam:1100001427ab85b', '{}'),
	(96, 'user_mask', 'steam:1100001427ab85b', '{}'),
	(97, 'user_helmet', 'steam:1100001427ab85b', '{}'),
	(98, 'housing', 'steam:1100001435e9308', '{}'),
	(99, 'user_glasses', 'steam:1100001435e9308', '{}'),
	(100, 'user_ears', 'steam:1100001435e9308', '{}'),
	(101, 'user_helmet', 'steam:1100001435e9308', '{}'),
	(102, 'user_mask', 'steam:1100001435e9308', '{}'),
	(103, 'housing', 'steam:110000133912c7d', '{}'),
	(104, 'user_ears', 'steam:110000133912c7d', '{}'),
	(105, 'user_glasses', 'steam:110000133912c7d', '{}'),
	(106, 'user_helmet', 'steam:110000133912c7d', '{}'),
	(107, 'user_mask', 'steam:110000133912c7d', '{}'),
	(108, 'user_ears', 'steam:11000013570ddfa', '{}'),
	(109, 'user_helmet', 'steam:11000013570ddfa', '{}'),
	(110, 'housing', 'steam:11000013570ddfa', '{}'),
	(111, 'user_mask', 'steam:11000013570ddfa', '{}'),
	(112, 'user_glasses', 'steam:11000013570ddfa', '{}');
/*!40000 ALTER TABLE `datastore_data` ENABLE KEYS */;

-- Dumping structure for table zap669487-1.disc_ammo
CREATE TABLE IF NOT EXISTS `disc_ammo` (
  `id` bigint(20) unsigned NOT NULL AUTO_INCREMENT,
  `owner` text NOT NULL,
  `hash` text NOT NULL,
  `count` int(11) NOT NULL DEFAULT 0,
  `attach` text NOT NULL DEFAULT '[]',
  PRIMARY KEY (`id`),
  UNIQUE KEY `id` (`id`)
) ENGINE=InnoDB DEFAULT CHARSET=utf8mb4;

-- Dumping data for table zap669487-1.disc_ammo: ~0 rows (approximately)
/*!40000 ALTER TABLE `disc_ammo` DISABLE KEYS */;
/*!40000 ALTER TABLE `disc_ammo` ENABLE KEYS */;

-- Dumping structure for table zap669487-1.dpkeybinds
CREATE TABLE IF NOT EXISTS `dpkeybinds` (
  `id` varchar(50) DEFAULT NULL,
  `keybind1` varchar(50) DEFAULT 'num4',
  `emote1` varchar(255) DEFAULT '',
  `keybind2` varchar(50) DEFAULT 'num5',
  `emote2` varchar(255) DEFAULT '',
  `keybind3` varchar(50) DEFAULT 'num6',
  `emote3` varchar(255) DEFAULT '',
  `keybind4` varchar(50) DEFAULT 'num7',
  `emote4` varchar(255) DEFAULT '',
  `keybind5` varchar(50) DEFAULT 'num8',
  `emote5` varchar(255) DEFAULT '',
  `keybind6` varchar(50) DEFAULT 'num9',
  `emote6` varchar(255) DEFAULT ''
) ENGINE=InnoDB DEFAULT CHARSET=latin1;

-- Dumping data for table zap669487-1.dpkeybinds: ~19 rows (approximately)
/*!40000 ALTER TABLE `dpkeybinds` DISABLE KEYS */;
INSERT INTO `dpkeybinds` (`id`, `keybind1`, `emote1`, `keybind2`, `emote2`, `keybind3`, `emote3`, `keybind4`, `emote4`, `keybind5`, `emote5`, `keybind6`, `emote6`) VALUES
	('steam:11000013bebd70f', 'num4', '', 'num5', '', 'num6', '', 'num7', 'sleep', 'num8', '', 'num9', ''),
	('steam:11000013c114000', 'num4', '', 'num5', '', 'num6', '', 'num7', '', 'num8', '', 'num9', ''),
	('steam:11000014303991c', 'num4', '', 'num5', '', 'num6', '', 'num7', '', 'num8', '', 'num9', ''),
	('steam:110000140ae1687', 'num4', '', 'num5', '', 'num6', '', 'num7', '', 'num8', '', 'num9', ''),
	('steam:110000133c78556', 'num4', '', 'num5', '', 'num6', '', 'num7', '', 'num8', '', 'num9', ''),
	('steam:11000013ffeca21', 'num4', '', 'num5', '', 'num6', '', 'num7', '', 'num8', '', 'num9', ''),
	('steam:110000145901692', 'num4', '', 'num5', '', 'num6', '', 'num7', '', 'num8', '', 'num9', ''),
	('steam:110000142f1fc31', 'num4', '', 'num5', '', 'num6', '', 'num7', '', 'num8', '', 'num9', ''),
	('steam:110000106e62a8a', 'num4', '', 'num5', '', 'num6', '', 'num7', '', 'num8', '', 'num9', ''),
	('steam:1100001424d5ce8', 'num4', '', 'num5', '', 'num6', '', 'num7', '', 'num8', '', 'num9', ''),
	('steam:1100001430f0700', 'num4', '', 'num5', '', 'num6', '', 'num7', '', 'num8', '', 'num9', ''),
	('steam:1100001416c47ff', 'num4', '', 'num5', '', 'num6', '', 'num7', '', 'num8', '', 'num9', ''),
	('steam:110000144df859b', 'num4', '', 'num5', '', 'num6', '', 'num7', '', 'num8', '', 'num9', ''),
	('steam:1100001401d494e', 'num4', '', 'num5', '', 'num6', '', 'num7', '', 'num8', '', 'num9', ''),
	('steam:1100001415271ea', 'num4', '', 'num5', '', 'num6', '', 'num7', '', 'num8', '', 'num9', ''),
	('steam:110000137aa1eef', 'num4', '', 'num5', '', 'num6', '', 'num7', '', 'num8', '', 'num9', ''),
	('steam:11000014177c2c6', 'num4', '', 'num5', '', 'num6', '', 'num7', '', 'num8', '', 'num9', ''),
	('steam:1100001427ab85b', 'num4', '', 'num5', '', 'num6', '', 'num7', '', 'num8', '', 'num9', ''),
	('steam:1100001435e9308', 'num4', '', 'num5', '', 'num6', '', 'num7', '', 'num8', '', 'num9', ''),
	('steam:110000133912c7d', 'num4', '', 'num5', '', 'num6', '', 'num7', '', 'num8', '', 'num9', ''),
	('steam:11000013570ddfa', 'num4', '', 'num5', '', 'num6', '', 'num7', '', 'num8', '', 'num9', '');
/*!40000 ALTER TABLE `dpkeybinds` ENABLE KEYS */;

-- Dumping structure for table zap669487-1.fine_types
CREATE TABLE IF NOT EXISTS `fine_types` (
  `id` int(11) NOT NULL AUTO_INCREMENT,
  `label` varchar(255) DEFAULT NULL,
  `amount` int(11) DEFAULT NULL,
  `category` int(11) DEFAULT NULL,
  PRIMARY KEY (`id`)
) ENGINE=InnoDB AUTO_INCREMENT=53 DEFAULT CHARSET=utf8mb4;

-- Dumping data for table zap669487-1.fine_types: ~52 rows (approximately)
/*!40000 ALTER TABLE `fine_types` DISABLE KEYS */;
INSERT INTO `fine_types` (`id`, `label`, `amount`, `category`) VALUES
	(1, 'Misuse of a horn', 30, 0),
	(2, 'Illegally Crossing a continuous Line', 40, 0),
	(3, 'Driving on the wrong side of the road', 250, 0),
	(4, 'Illegal U-Turn', 250, 0),
	(5, 'Illegally Driving Off-road', 170, 0),
	(6, 'Refusing a Lawful Command', 30, 0),
	(7, 'Illegally Stopping a Vehicle', 150, 0),
	(8, 'Illegal Parking', 70, 0),
	(9, 'Failing to Yield to the right', 70, 0),
	(10, 'Failure to comply with Vehicle Information', 90, 0),
	(11, 'Failing to stop at a Stop Sign ', 105, 0),
	(12, 'Failing to stop at a Red Light', 130, 0),
	(13, 'Illegal Passing', 100, 0),
	(14, 'Driving an illegal Vehicle', 100, 0),
	(15, 'Driving without a License', 1500, 0),
	(16, 'Hit and Run', 800, 0),
	(17, 'Exceeding Speeds Over < 5 mph', 90, 0),
	(18, 'Exceeding Speeds Over 5-15 mph', 120, 0),
	(19, 'Exceeding Speeds Over 15-30 mph', 180, 0),
	(20, 'Exceeding Speeds Over > 30 mph', 300, 0),
	(21, 'Impeding traffic flow', 110, 1),
	(22, 'Public Intoxication', 90, 1),
	(23, 'Disorderly conduct', 90, 1),
	(24, 'Obstruction of Justice', 130, 1),
	(25, 'Insults towards Civilans', 75, 1),
	(26, 'Disrespecting of an LEO', 110, 1),
	(27, 'Verbal Threat towards a Civilan', 90, 1),
	(28, 'Verbal Threat towards an LEO', 150, 1),
	(29, 'Providing False Information', 250, 1),
	(30, 'Attempt of Corruption', 1500, 1),
	(31, 'Brandishing a weapon in city Limits', 120, 2),
	(32, 'Brandishing a Lethal Weapon in city Limits', 300, 2),
	(33, 'No Firearms License', 600, 2),
	(34, 'Possession of an Illegal Weapon', 700, 2),
	(35, 'Possession of Burglary Tools', 300, 2),
	(36, 'Grand Theft Auto', 1800, 2),
	(37, 'Intent to Sell/Distrube of an illegal Substance', 1500, 2),
	(38, 'Frabrication of an Illegal Substance', 1500, 2),
	(39, 'Possession of an Illegal Substance ', 650, 2),
	(40, 'Kidnapping of a Civilan', 1500, 2),
	(41, 'Kidnapping of an LEO', 2000, 2),
	(42, 'Robbery', 650, 2),
	(43, 'Armed Robbery of a Store', 650, 2),
	(44, 'Armed Robbery of a Bank', 1500, 2),
	(45, 'Assault on a Civilian', 2000, 3),
	(46, 'Assault of an LEO', 2500, 3),
	(47, 'Attempt of Murder of a Civilian', 3000, 3),
	(48, 'Attempt of Murder of an LEO', 5000, 3),
	(49, 'Murder of a Civilian', 10000, 3),
	(50, 'Murder of an LEO', 30000, 3),
	(51, 'Involuntary manslaughter', 1800, 3),
	(52, 'Fraud', 2000, 2);
/*!40000 ALTER TABLE `fine_types` ENABLE KEYS */;

-- Dumping structure for table zap669487-1.insto_accounts
CREATE TABLE IF NOT EXISTS `insto_accounts` (
  `id` int(11) NOT NULL AUTO_INCREMENT,
  `forename` varchar(50) COLLATE utf8mb4_bin NOT NULL DEFAULT '0',
  `surname` varchar(50) COLLATE utf8mb4_bin NOT NULL DEFAULT '0',
  `username` varchar(50) CHARACTER SET utf8 NOT NULL DEFAULT '0',
  `password` varchar(50) COLLATE utf8mb4_bin NOT NULL DEFAULT '0',
  `avatar_url` varchar(255) COLLATE utf8mb4_bin DEFAULT NULL,
  PRIMARY KEY (`id`),
  UNIQUE KEY `username` (`username`)
) ENGINE=InnoDB AUTO_INCREMENT=57 DEFAULT CHARSET=utf8mb4 COLLATE=utf8mb4_bin;

-- Dumping data for table zap669487-1.insto_accounts: ~0 rows (approximately)
/*!40000 ALTER TABLE `insto_accounts` DISABLE KEYS */;
/*!40000 ALTER TABLE `insto_accounts` ENABLE KEYS */;

-- Dumping structure for table zap669487-1.insto_instas
CREATE TABLE IF NOT EXISTS `insto_instas` (
  `id` int(11) NOT NULL AUTO_INCREMENT,
  `authorId` int(11) NOT NULL,
  `realUser` varchar(50) COLLATE utf8mb4_unicode_ci DEFAULT NULL,
  `message` varchar(256) COLLATE utf8mb4_unicode_ci NOT NULL,
  `image` varchar(256) COLLATE utf8mb4_unicode_ci NOT NULL,
  `filters` varchar(256) COLLATE utf8mb4_unicode_ci NOT NULL,
  `time` timestamp NOT NULL DEFAULT current_timestamp(),
  `likes` int(11) NOT NULL DEFAULT 0,
  PRIMARY KEY (`id`),
  KEY `FK_insto_instas_insto_accounts` (`authorId`),
  CONSTRAINT `FK_insto_instas_insto_accounts` FOREIGN KEY (`authorId`) REFERENCES `insto_accounts` (`id`)
) ENGINE=InnoDB AUTO_INCREMENT=213 DEFAULT CHARSET=utf8mb4 COLLATE=utf8mb4_unicode_ci;

-- Dumping data for table zap669487-1.insto_instas: ~0 rows (approximately)
/*!40000 ALTER TABLE `insto_instas` DISABLE KEYS */;
/*!40000 ALTER TABLE `insto_instas` ENABLE KEYS */;

-- Dumping structure for table zap669487-1.insto_likes
CREATE TABLE IF NOT EXISTS `insto_likes` (
  `id` int(11) NOT NULL AUTO_INCREMENT,
  `authorId` int(11) DEFAULT NULL,
  `inapId` int(11) DEFAULT NULL,
  PRIMARY KEY (`id`),
  KEY `FK_insto_likes_insto_accounts` (`authorId`),
  KEY `FK_insto_likes_insto_instas` (`inapId`),
  CONSTRAINT `FK_insto_likes_insto_accounts` FOREIGN KEY (`authorId`) REFERENCES `insto_accounts` (`id`),
  CONSTRAINT `FK_insto_likes_insto_instas` FOREIGN KEY (`inapId`) REFERENCES `insto_instas` (`id`) ON DELETE CASCADE
) ENGINE=InnoDB AUTO_INCREMENT=186 DEFAULT CHARSET=utf8mb4 COLLATE=utf8mb4_bin;

-- Dumping data for table zap669487-1.insto_likes: ~0 rows (approximately)
/*!40000 ALTER TABLE `insto_likes` DISABLE KEYS */;
/*!40000 ALTER TABLE `insto_likes` ENABLE KEYS */;

-- Dumping structure for table zap669487-1.items
CREATE TABLE IF NOT EXISTS `items` (
  `id` int(11) DEFAULT NULL,
  `name` varchar(50) NOT NULL,
  `label` varchar(50) NOT NULL,
  `limit` int(11) NOT NULL DEFAULT -1,
  `rare` int(11) NOT NULL DEFAULT 0,
  `can_remove` int(11) NOT NULL DEFAULT 1,
  `price` int(11) DEFAULT NULL,
  PRIMARY KEY (`name`)
) ENGINE=InnoDB DEFAULT CHARSET=utf8mb4;

-- Dumping data for table zap669487-1.items: ~187 rows (approximately)
/*!40000 ALTER TABLE `items` DISABLE KEYS */;
INSERT INTO `items` (`id`, `name`, `label`, `limit`, `rare`, `can_remove`, `price`) VALUES
	(NULL, 'acetone', 'Acetone', 5, 0, 1, NULL),
	(NULL, 'advancedlockpick', 'Advanced Lockpick', 1, 0, 1, 0),
	(NULL, 'akskin', 'akm skin', 1, 0, 1, NULL),
	(NULL, 'alive_chicken', 'living chicken', 20, 0, 1, NULL),
	(NULL, 'arAmmo', 'Ammo Box', 5, 0, 1, NULL),
	(NULL, 'bag', 'Bag', 1, 0, 1, NULL),
	(NULL, 'bandage', 'Bandage', 20, 0, 1, NULL),
	(NULL, 'blowpipe', 'Blow Pipe', -1, 0, 1, NULL),
	(NULL, 'blue_phone', 'Phone', 1, 0, 1, NULL),
	(NULL, 'bread', 'bread', 5, 0, 1, NULL),
	(NULL, 'brokenfishingrod', 'Broken Fishing Rod', 1, 0, 1, 0),
	(NULL, 'carokit', 'Caro Kit', -1, 0, 1, NULL),
	(NULL, 'carotool', 'Caro Tool', -1, 0, 1, NULL),
	(NULL, 'cocaine_cut', 'Cut Cocaine', -1, 0, 1, NULL),
	(NULL, 'cocaine_packaged', 'Packaged Cocaine', -1, 0, 1, NULL),
	(NULL, 'cocaine_uncut', 'Uncut Cocaine', -1, 0, 1, NULL),
	(NULL, 'copper', 'copper', 56, 0, 1, NULL),
	(NULL, 'cut_money', 'Counterfeit Cash - Cut', -1, 0, 1, NULL),
	(NULL, 'deadbatteries', 'Dead Batteries', 1, 0, 1, 0),
	(NULL, 'defib', 'Defib', 1, 0, 1, NULL),
	(NULL, 'diamond', 'diamond', 50, 0, 1, NULL),
	(NULL, 'dia_box', 'Diamond Box', 50, 0, 1, NULL),
	(NULL, 'disc_ammo_pistol', 'Pistol Ammo', 10, 0, 1, NULL),
	(NULL, 'disc_ammo_pistol_large', 'Pistol Ammo Large', -10, 0, 1, NULL),
	(NULL, 'disc_ammo_rifle', 'Rifle Ammo', 10, 0, 1, NULL),
	(NULL, 'disc_ammo_rifle_large', 'Rifle Ammo Large', 10, 0, 1, NULL),
	(NULL, 'disc_ammo_shotgun', 'Shotgun Shells', 10, 0, 1, NULL),
	(NULL, 'disc_ammo_shotgun_large', 'Shotgun Shells Large', 10, 0, 1, NULL),
	(NULL, 'disc_ammo_smg', 'SMG Ammo', 10, 0, 1, NULL),
	(NULL, 'disc_ammo_smg_large', 'SMG Ammo Large', 10, 0, 1, NULL),
	(NULL, 'disc_ammo_snp', 'Sniper Ammo', 10, 0, 1, NULL),
	(NULL, 'disc_ammo_snp_large', 'Sniper Ammo Large', 10, 0, 1, NULL),
	(NULL, 'drill', 'Drill', 1, 0, 1, NULL),
	(NULL, 'electronics', 'Electronics', 1, 0, 1, 0),
	(NULL, 'essence', 'gas', 24, 0, 1, NULL),
	(NULL, 'expiredburger', 'Expired Burger', 1, 0, 1, 0),
	(NULL, 'fabric', 'fabric', 80, 0, 1, NULL),
	(NULL, 'firework', 'Firework', 1, 0, 1, NULL),
	(NULL, 'firstaid', 'First-Aid Kit', 10, 0, 1, NULL),
	(NULL, 'fish', 'fish', 100, 0, 1, NULL),
	(NULL, 'fishbait', 'Fish Bait', 30, 0, 1, NULL),
	(NULL, 'fishingrod', 'Fishing Rod', 2, 0, 1, NULL),
	(NULL, 'fixkit', 'Fix Kit', -1, 0, 1, NULL),
	(NULL, 'fixtool', 'Repair Tools', -1, 0, 1, NULL),
	(NULL, 'flashlight', 'gun flash', -1, 0, 1, NULL),
	(NULL, 'gazbottle', 'Gas Bottle', -1, 0, 1, NULL),
	(NULL, 'glassbottle', 'Glass Bottle', 1, 0, 1, 0),
	(NULL, 'gold', 'gold', 21, 0, 1, NULL),
	(NULL, 'gold_bar', 'Gold Bar', 50, 0, 1, NULL),
	(NULL, 'green_phone', 'Green Phone', 1, 0, 1, NULL),
	(NULL, 'grip', 'Ar Grip', -1, 0, 1, NULL),
	(NULL, 'handcuffs', 'handcuffs', -1, 0, 1, NULL),
	(NULL, 'HeavyArmor', 'Bullet-Proof Vest', 3, 0, 1, 0),
	(NULL, 'hydrocodone', 'Hydrocodone', 5, 0, 1, NULL),
	(NULL, 'id_card', 'ID Card', 1, 0, 1, NULL),
	(NULL, 'id_card_f', 'Malicious Access Card', 1, 3, 1, NULL),
	(NULL, 'iron', 'iron', 42, 0, 1, NULL),
	(NULL, 'jewels', 'Jewels', -1, 0, 1, NULL),
	(NULL, 'laptop_h', 'Hacker Laptop', 1, 0, 1, NULL),
	(NULL, 'lithium', 'Lithium Batteries', 10, 0, 1, NULL),
	(NULL, 'lockpick', 'Lockpick', 1, 0, 1, NULL),
	(NULL, 'lowgradefemaleseed', 'Female Seed', 1, 0, 1, 0),
	(NULL, 'lowgrademaleseed', 'Male Seed', 1, 0, 1, 0),
	(NULL, 'marijuana', 'Processed Weed', 20, 0, 1, NULL),
	(NULL, 'medikit', 'Medikit', 10, 0, 1, NULL),
	(NULL, 'medkit', 'Medkit', 10, 0, 1, NULL),
	(NULL, 'meth', 'Meth', 30, 0, 1, NULL),
	(NULL, 'methlab', 'Portable Methlab', 1, 0, 1, NULL),
	(NULL, 'meth_packaged', 'Packaged Meth', -1, 0, 1, NULL),
	(NULL, 'meth_raw', 'Raw Meth', -1, 0, 1, NULL),
	(NULL, 'mgAmmo', 'SMG Ammo Box', 5, 0, 1, NULL),
	(NULL, 'morphine', 'Morphine', 5, 0, 1, NULL),
	(NULL, 'mouldybread', 'Mouldy Bread', 1, 0, 1, 0),
	(NULL, 'oldring', 'Old Ring', 1, 0, 1, 0),
	(NULL, 'oldshoe', 'Old Shoe', 1, 0, 1, 0),
	(NULL, 'oxygenmask', 'Oxygen Mask', 1, 0, 1, NULL),
	(NULL, 'packaged_chicken', 'chicken fillet', 100, 0, 1, NULL),
	(NULL, 'packaged_plank', 'packaged wood', 100, 0, 1, NULL),
	(NULL, 'pAmmo', 'Pistol Ammo Box', 5, 0, 1, NULL),
	(NULL, 'pendrive', 'Pendrive', 2, 0, 1, NULL),
	(NULL, 'petrol', 'oil', 24, 0, 1, NULL),
	(NULL, 'petrol_raffin', 'processed oil', 24, 0, 1, NULL),
	(NULL, 'phone', 'phone', 1, 0, 1, NULL),
	(NULL, 'plastic', 'Plastic', 1, 0, 1, 0),
	(NULL, 'repairkit', 'Repairkit', 3, 0, 1, NULL),
	(NULL, 'rubber', 'Rubber', 1, 0, 1, 0),
	(NULL, 'scope', 'Scope', 2, 0, 1, NULL),
	(NULL, 'secure_card', 'Secure ID Card', 1, 3, 1, NULL),
	(NULL, 'sgAmmo', 'Shotgun Ammo Box', 5, 0, 1, NULL),
	(NULL, 'shark', 'Shark', -1, 0, 1, NULL),
	(NULL, 'silencer', 'silencer', -1, 0, 1, NULL),
	(NULL, 'sim', 'Sim', -1, 0, 1, NULL),
	(NULL, 'skin', 'Skin', 2, 0, 1, NULL),
	(NULL, 'slaughtered_chicken', 'slaughtered chicken', 20, 0, 1, NULL),
	(NULL, 'sorted_money', 'Counterfeit Cash - Sorted', -1, 0, 1, NULL),
	(NULL, 'stone', 'stone', 7, 0, 1, NULL),
	(NULL, 'supressor', 'Suppressor', 2, 0, 1, NULL),
	(NULL, 'thermal_charge', 'Thermal Charge', 1, 0, 1, NULL),
	(NULL, 'tirekit', 'Tire Kit', 1, 0, 1, NULL),
	(NULL, 'turtle', 'Sea Turtle', 3, 0, 1, NULL),
	(NULL, 'turtlebait', 'Turtle Bait', 10, 0, 1, NULL),
	(NULL, 'vehgps', 'Vehicle GPS', 1, 0, 1, NULL),
	(NULL, 'vicodin', 'Vicodin', 5, 0, 1, NULL),
	(NULL, 'vodka', 'Vodka', 2, 0, 1, NULL),
	(NULL, 'wallet', 'Wallet', 1, 0, 1, 0),
	(NULL, 'washed_stone', 'washed stone', 7, 0, 1, NULL),
	(NULL, 'water', 'water', 5, 0, 1, NULL),
	(NULL, 'weakit', 'Weapon Kit', 1, 0, 1, NULL),
	(NULL, 'WEAPON_ADVANCEDRIFLE', 'Advanced Rifle', 1, 0, 1, NULL),
	(NULL, 'WEAPON_APPISTOL', 'AP Pistol', 1, 0, 1, NULL),
	(NULL, 'WEAPON_ASSAULTRIFLE', 'Assault Rifle', 1, 0, 1, NULL),
	(NULL, 'WEAPON_ASSAULTSHOTGUN', 'Assault Shotgun', 1, 0, 1, NULL),
	(NULL, 'WEAPON_ASSAULTSMG', 'Assault SMG', 1, 0, 1, NULL),
	(NULL, 'WEAPON_AUTOSHOTGUN', 'Auto Shotgun', 1, 0, 1, NULL),
	(NULL, 'WEAPON_BALL', 'Ball', 1, 0, 1, NULL),
	(NULL, 'WEAPON_BAT', 'Bat', 1, 0, 1, NULL),
	(NULL, 'WEAPON_BATTLEAXE', 'Battle Axe', 1, 0, 1, NULL),
	(NULL, 'WEAPON_BOTTLE', 'Bottle', 1, 0, 1, NULL),
	(NULL, 'WEAPON_BULLPUPRIFLE', 'Bullpup Rifle', 1, 0, 1, NULL),
	(NULL, 'WEAPON_BULLPUPSHOTGUN', 'Bullpup Shotgun', 1, 0, 1, NULL),
	(NULL, 'WEAPON_BZGAS', 'BZ Gas', 1, 0, 1, NULL),
	(NULL, 'WEAPON_CARBINERIFLE', 'Carbine Rifle', 1, 0, 1, NULL),
	(NULL, 'WEAPON_COMBATMG', 'Combat MG', 1, 0, 1, NULL),
	(NULL, 'WEAPON_COMBATPDW', 'Combat PDW', 1, 0, 1, NULL),
	(NULL, 'WEAPON_COMBATPISTOL', 'Combat Pistol', 1, 0, 1, NULL),
	(NULL, 'WEAPON_COMPACTLAUNCHER', 'Compact Launcher', 1, 0, 1, NULL),
	(NULL, 'WEAPON_COMPACTRIFLE', 'Compact Rifle', 1, 0, 1, NULL),
	(NULL, 'WEAPON_CROWBAR', 'Crowbar', 1, 0, 1, NULL),
	(NULL, 'WEAPON_DAGGER', 'Dagger', 1, 0, 1, NULL),
	(NULL, 'WEAPON_DBSHOTGUN', 'Double Barrel Shotgun', 1, 0, 1, NULL),
	(NULL, 'WEAPON_DIGISCANNER', 'Digiscanner', 1, 0, 1, NULL),
	(NULL, 'WEAPON_DOUBLEACTION', 'Double Action Revolver', 1, 0, 1, NULL),
	(NULL, 'WEAPON_FIREEXTINGUISHER', 'Fire Extinguisher', 1, 0, 1, NULL),
	(NULL, 'WEAPON_FIREWORK', 'Firework Launcher', 1, 0, 1, NULL),
	(NULL, 'WEAPON_FLARE', 'Flare', 1, 0, 1, NULL),
	(NULL, 'WEAPON_FLAREGUN', 'Flare Gun', 1, 0, 1, NULL),
	(NULL, 'WEAPON_FLASHLIGHT', 'Flashlight', 1, 0, 1, NULL),
	(NULL, 'WEAPON_GARBAGEBAG', 'Garbage Bag', 1, 0, 1, NULL),
	(NULL, 'WEAPON_GOLFCLUB', 'Golf Club', 1, 0, 1, NULL),
	(NULL, 'WEAPON_GRENADE', 'Grenade', 1, 0, 1, NULL),
	(NULL, 'WEAPON_GRENADELAUNCHER', 'Gernade Launcher', 1, 0, 1, NULL),
	(NULL, 'WEAPON_GUSENBERG', 'Gusenberg', 1, 0, 1, NULL),
	(NULL, 'WEAPON_HAMMER', 'Hammer', 1, 0, 1, NULL),
	(NULL, 'WEAPON_HANDCUFFS', 'Handcuffs', 1, 0, 1, NULL),
	(NULL, 'WEAPON_HATCHET', 'Hatchet', 1, 0, 1, NULL),
	(NULL, 'WEAPON_HEAVYPISTOL', 'Heavy Pistol', 1, 0, 1, NULL),
	(NULL, 'WEAPON_HEAVYSHOTGUN', 'Heavy Shotgun', 1, 0, 1, NULL),
	(NULL, 'WEAPON_HEAVYSNIPER', 'Heavy Sniper', 1, 0, 1, NULL),
	(NULL, 'WEAPON_HOMINGLAUNCHER', 'Homing Launcher', 1, 0, 1, NULL),
	(NULL, 'WEAPON_KNIFE', 'Knife', 1, 0, 1, NULL),
	(NULL, 'WEAPON_KNUCKLE', 'Knuckle Dusters ', 1, 0, 1, NULL),
	(NULL, 'WEAPON_MACHETE', 'Machete', 1, 0, 1, NULL),
	(NULL, 'WEAPON_MACHINEPISTOL', 'Machine Pistol', 1, 0, 1, NULL),
	(NULL, 'WEAPON_MARKSMANPISTOL', 'Marksman Pistol', 1, 0, 1, NULL),
	(NULL, 'WEAPON_MARKSMANRIFLE', 'Marksman Rifle', 1, 0, 1, NULL),
	(NULL, 'WEAPON_MG', 'MG', 1, 0, 1, NULL),
	(NULL, 'WEAPON_MICROSMG', 'Micro SMG', 1, 0, 1, NULL),
	(NULL, 'WEAPON_MINIGUN', 'Minigun', 1, 0, 1, NULL),
	(NULL, 'WEAPON_MINISMG', 'Mini SMG', 1, 0, 1, NULL),
	(NULL, 'WEAPON_MOLOTOV', 'Molotov', 1, 0, 1, NULL),
	(NULL, 'WEAPON_MUSKET', 'Musket', 1, 0, 1, NULL),
	(NULL, 'WEAPON_NIGHTSTICK', 'Police Baton', 1, 0, 1, NULL),
	(NULL, 'WEAPON_PETROLCAN', 'Petrol Can', 1, 0, 1, NULL),
	(NULL, 'WEAPON_PIPEBOMB', 'Pipe Bomb', 1, 0, 1, NULL),
	(NULL, 'WEAPON_PISTOL', 'Pistol', 1, 0, 1, NULL),
	(NULL, 'WEAPON_PISTOL50', 'Police .50', 1, 0, 1, NULL),
	(NULL, 'WEAPON_POOLCUE', 'Pool Cue', 1, 0, 1, NULL),
	(NULL, 'WEAPON_PROXMINE', 'Proximity Mine', 1, 0, 1, NULL),
	(NULL, 'WEAPON_PUMPSHOTGUN', 'Pump Shotgun', 1, 0, 1, NULL),
	(NULL, 'WEAPON_RAILGUN', 'Rail Gun', 1, 0, 1, NULL),
	(NULL, 'WEAPON_REVOLVER', 'Revolver', 1, 0, 1, NULL),
	(NULL, 'WEAPON_RPG', 'RPG', 1, 0, 1, NULL),
	(NULL, 'WEAPON_SAWNOFFSHOTGUN', 'Sawn Off Shotgun', 1, 0, 1, NULL),
	(NULL, 'WEAPON_SMG', 'SMG', 1, 0, 1, NULL),
	(NULL, 'WEAPON_SMOKEGRENADE', 'Smoke Gernade', 1, 0, 1, NULL),
	(NULL, 'WEAPON_SNIPERRIFLE', 'Sniper Rifle', 1, 0, 1, NULL),
	(NULL, 'WEAPON_SNOWBALL', 'Snow Ball', 1, 0, 1, NULL),
	(NULL, 'WEAPON_SNSPISTOL', 'SNS Pistol', 1, 0, 1, NULL),
	(NULL, 'WEAPON_SPECIALCARBINE', 'Special Rifle', 1, 0, 1, NULL),
	(NULL, 'WEAPON_STICKYBOMB', 'Sticky Bombs', 1, 0, 1, NULL),
	(NULL, 'WEAPON_STINGER', 'Stinger', 1, 0, 1, NULL),
	(NULL, 'WEAPON_STUNGUN', 'Police Taser', 1, 0, 1, NULL),
	(NULL, 'WEAPON_SWITCHBLADE', 'Switch Blade', 1, 0, 1, NULL),
	(NULL, 'WEAPON_VINTAGEPISTOL', 'Vintage Pistol', 1, 0, 1, NULL),
	(NULL, 'WEAPON_WRENCH', 'Wrench', 1, 0, 1, NULL),
	(NULL, 'weed_packaged', 'Packaged Weed', -1, 0, 1, NULL),
	(NULL, 'weed_untrimmed', 'Untrimmed Weed', -1, 0, 1, NULL),
	(NULL, 'whisky', 'Whisky', 2, 0, 1, NULL),
	(NULL, 'white_phone', 'White Phone', 1, 0, 1, NULL),
	(NULL, 'wine', 'Wine', 2, 0, 1, NULL),
	(NULL, 'wood', 'wood', 20, 0, 1, NULL),
	(NULL, 'wool', 'wool', 40, 0, 1, NULL);
/*!40000 ALTER TABLE `items` ENABLE KEYS */;

-- Dumping structure for table zap669487-1.jobs
CREATE TABLE IF NOT EXISTS `jobs` (
  `name` varchar(50) NOT NULL,
  `label` varchar(50) DEFAULT NULL,
  `whitelisted` tinyint(1) NOT NULL DEFAULT 0,
  PRIMARY KEY (`name`)
) ENGINE=InnoDB DEFAULT CHARSET=utf8mb4;

-- Dumping data for table zap669487-1.jobs: ~19 rows (approximately)
/*!40000 ALTER TABLE `jobs` DISABLE KEYS */;
INSERT INTO `jobs` (`name`, `label`, `whitelisted`) VALUES
	('admin', 'Admin', 1),
	('ambulance', 'EMS', 1),
	('BPG', 'BPG', 1),
	('cardealer', 'Cardealer', 1),
	('fisherman', 'Fisherman', 0),
	('fueler', 'Fueler', 0),
	('garbage', 'Garbage Collection', 1),
	('Lawyer', 'Lawyer', 1),
	('lumberjack', 'Lumberjack', 1),
	('mecano', 'Mechanic', 1),
	('mechanic', 'Mechanic', 1),
	('miner', 'Miner', 1),
	('offambulance', 'Off-Duty', 1),
	('offpolice', 'Off-Duty', 1),
	('police', 'Police', 1),
	('reporter', 'Reporter', 1),
	('sheriff', 'Sheriff', 1),
	('slaughterer', 'Butcher', 0),
	('tailor', 'Tailor', 0),
	('taxi', 'Taxi', 1),
	('unemployed', 'Unemployed', 0),
	('weazelnews', 'Weazel News', 1);
/*!40000 ALTER TABLE `jobs` ENABLE KEYS */;

-- Dumping structure for table zap669487-1.job_grades
CREATE TABLE IF NOT EXISTS `job_grades` (
  `id` int(11) NOT NULL AUTO_INCREMENT,
  `job_name` varchar(50) DEFAULT NULL,
  `grade` int(11) NOT NULL,
  `name` varchar(50) NOT NULL,
  `label` varchar(50) NOT NULL,
  `salary` int(11) NOT NULL,
  `skin_male` longtext NOT NULL,
  `skin_female` longtext NOT NULL,
  PRIMARY KEY (`id`)
) ENGINE=InnoDB AUTO_INCREMENT=83 DEFAULT CHARSET=utf8mb4;

-- Dumping data for table zap669487-1.job_grades: ~67 rows (approximately)
/*!40000 ALTER TABLE `job_grades` DISABLE KEYS */;
INSERT INTO `job_grades` (`id`, `job_name`, `grade`, `name`, `label`, `salary`, `skin_male`, `skin_female`) VALUES
	(1, 'unemployed', 0, 'unemployed', 'Unemployed', 1, '{}', '{}'),
	(2, 'lumberjack', 0, 'employee', 'Employee', 10, '{}', '{}'),
	(3, 'fisherman', 0, 'employee', 'Employee', 10, '{}', '{}'),
	(4, 'fueler', 0, 'employee', 'Employee', 10, '{}', '{}'),
	(5, 'reporter', 0, 'employee', 'Employee', 10, '{}', '{}'),
	(6, 'tailor', 0, 'employee', 'Employee', 10, '{"mask_1":0,"arms":1,"glasses_1":0,"hair_color_2":4,"makeup_1":0,"face":19,"glasses":0,"mask_2":0,"makeup_3":0,"skin":29,"helmet_2":0,"lipstick_4":0,"sex":0,"torso_1":24,"makeup_2":0,"bags_2":0,"chain_2":0,"ears_1":-1,"bags_1":0,"bproof_1":0,"shoes_2":0,"lipstick_2":0,"chain_1":0,"tshirt_1":0,"eyebrows_3":0,"pants_2":0,"beard_4":0,"torso_2":0,"beard_2":6,"ears_2":0,"hair_2":0,"shoes_1":36,"tshirt_2":0,"beard_3":0,"hair_1":2,"hair_color_1":0,"pants_1":48,"helmet_1":-1,"bproof_2":0,"eyebrows_4":0,"eyebrows_2":0,"decals_1":0,"age_2":0,"beard_1":5,"shoes":10,"lipstick_1":0,"eyebrows_1":0,"glasses_2":0,"makeup_4":0,"decals_2":0,"lipstick_3":0,"age_1":0}', '{"mask_1":0,"arms":5,"glasses_1":5,"hair_color_2":4,"makeup_1":0,"face":19,"glasses":0,"mask_2":0,"makeup_3":0,"skin":29,"helmet_2":0,"lipstick_4":0,"sex":1,"torso_1":52,"makeup_2":0,"bags_2":0,"chain_2":0,"ears_1":-1,"bags_1":0,"bproof_1":0,"shoes_2":1,"lipstick_2":0,"chain_1":0,"tshirt_1":23,"eyebrows_3":0,"pants_2":0,"beard_4":0,"torso_2":0,"beard_2":6,"ears_2":0,"hair_2":0,"shoes_1":42,"tshirt_2":4,"beard_3":0,"hair_1":2,"hair_color_1":0,"pants_1":36,"helmet_1":-1,"bproof_2":0,"eyebrows_4":0,"eyebrows_2":0,"decals_1":0,"age_2":0,"beard_1":5,"shoes":10,"lipstick_1":0,"eyebrows_1":0,"glasses_2":0,"makeup_4":0,"decals_2":0,"lipstick_3":0,"age_1":0}'),
	(7, 'miner', 0, 'employee', 'Employee', 10, '{"tshirt_2":1,"ears_1":8,"glasses_1":15,"torso_2":0,"ears_2":2,"glasses_2":3,"shoes_2":1,"pants_1":75,"shoes_1":51,"bags_1":0,"helmet_2":0,"pants_2":7,"torso_1":71,"tshirt_1":59,"arms":2,"bags_2":0,"helmet_1":0}', '{}'),
	(8, 'slaughterer', 0, 'employee', 'Employee', 10, '{"age_1":0,"glasses_2":0,"beard_1":5,"decals_2":0,"beard_4":0,"shoes_2":0,"tshirt_2":0,"lipstick_2":0,"hair_2":0,"arms":67,"pants_1":36,"skin":29,"eyebrows_2":0,"shoes":10,"helmet_1":-1,"lipstick_1":0,"helmet_2":0,"hair_color_1":0,"glasses":0,"makeup_4":0,"makeup_1":0,"hair_1":2,"bproof_1":0,"bags_1":0,"mask_1":0,"lipstick_3":0,"chain_1":0,"eyebrows_4":0,"sex":0,"torso_1":56,"beard_2":6,"shoes_1":12,"decals_1":0,"face":19,"lipstick_4":0,"tshirt_1":15,"mask_2":0,"age_2":0,"eyebrows_3":0,"chain_2":0,"glasses_1":0,"ears_1":-1,"bags_2":0,"ears_2":0,"torso_2":0,"bproof_2":0,"makeup_2":0,"eyebrows_1":0,"makeup_3":0,"pants_2":0,"beard_3":0,"hair_color_2":4}', '{"age_1":0,"glasses_2":0,"beard_1":5,"decals_2":0,"beard_4":0,"shoes_2":0,"tshirt_2":0,"lipstick_2":0,"hair_2":0,"arms":72,"pants_1":45,"skin":29,"eyebrows_2":0,"shoes":10,"helmet_1":-1,"lipstick_1":0,"helmet_2":0,"hair_color_1":0,"glasses":0,"makeup_4":0,"makeup_1":0,"hair_1":2,"bproof_1":0,"bags_1":0,"mask_1":0,"lipstick_3":0,"chain_1":0,"eyebrows_4":0,"sex":1,"torso_1":49,"beard_2":6,"shoes_1":24,"decals_1":0,"face":19,"lipstick_4":0,"tshirt_1":9,"mask_2":0,"age_2":0,"eyebrows_3":0,"chain_2":0,"glasses_1":5,"ears_1":-1,"bags_2":0,"ears_2":0,"torso_2":0,"bproof_2":0,"makeup_2":0,"eyebrows_1":0,"makeup_3":0,"pants_2":0,"beard_3":0,"hair_color_2":4}'),
	(9, 'ambulance', 0, 'ambulance', 'Jr. Doctor', 1000, '{"tshirt_2":0,"hair_color_1":5,"glasses_2":3,"shoes":9,"torso_2":3,"hair_color_2":0,"pants_1":24,"glasses_1":4,"hair_1":2,"sex":0,"decals_2":0,"tshirt_1":15,"helmet_1":8,"helmet_2":0,"arms":92,"face":19,"decals_1":60,"torso_1":13,"hair_2":0,"skin":34,"pants_2":5}', '{"tshirt_2":3,"decals_2":0,"glasses":0,"hair_1":2,"torso_1":73,"shoes":1,"hair_color_2":0,"glasses_1":19,"skin":13,"face":6,"pants_2":5,"tshirt_1":75,"pants_1":37,"helmet_1":57,"torso_2":0,"arms":14,"sex":1,"glasses_2":0,"decals_1":0,"hair_2":0,"helmet_2":0,"hair_color_1":0}'),
	(10, 'ambulance', 1, 'doctor', 'Doctor', 1500, '{"tshirt_2":0,"hair_color_1":5,"glasses_2":3,"shoes":9,"torso_2":3,"hair_color_2":0,"pants_1":24,"glasses_1":4,"hair_1":2,"sex":0,"decals_2":0,"tshirt_1":15,"helmet_1":8,"helmet_2":0,"arms":92,"face":19,"decals_1":60,"torso_1":13,"hair_2":0,"skin":34,"pants_2":5}', '{"tshirt_2":3,"decals_2":0,"glasses":0,"hair_1":2,"torso_1":73,"shoes":1,"hair_color_2":0,"glasses_1":19,"skin":13,"face":6,"pants_2":5,"tshirt_1":75,"pants_1":37,"helmet_1":57,"torso_2":0,"arms":14,"sex":1,"glasses_2":0,"decals_1":0,"hair_2":0,"helmet_2":0,"hair_color_1":0}'),
	(11, 'ambulance', 2, 'chief_doctor', 'Sr. Doctor', 2000, '{"tshirt_2":0,"hair_color_1":5,"glasses_2":3,"shoes":9,"torso_2":3,"hair_color_2":0,"pants_1":24,"glasses_1":4,"hair_1":2,"sex":0,"decals_2":0,"tshirt_1":15,"helmet_1":8,"helmet_2":0,"arms":92,"face":19,"decals_1":60,"torso_1":13,"hair_2":0,"skin":34,"pants_2":5}', '{"tshirt_2":3,"decals_2":0,"glasses":0,"hair_1":2,"torso_1":73,"shoes":1,"hair_color_2":0,"glasses_1":19,"skin":13,"face":6,"pants_2":5,"tshirt_1":75,"pants_1":37,"helmet_1":57,"torso_2":0,"arms":14,"sex":1,"glasses_2":0,"decals_1":0,"hair_2":0,"helmet_2":0,"hair_color_1":0}'),
	(12, 'ambulance', 3, 'boss', 'Sergent', 2500, '{"tshirt_2":0,"hair_color_1":5,"glasses_2":3,"shoes":9,"torso_2":3,"hair_color_2":0,"pants_1":24,"glasses_1":4,"hair_1":2,"sex":0,"decals_2":0,"tshirt_1":15,"helmet_1":8,"helmet_2":0,"arms":92,"face":19,"decals_1":60,"torso_1":13,"hair_2":0,"skin":34,"pants_2":5}', '{"tshirt_2":3,"decals_2":0,"glasses":0,"hair_1":2,"torso_1":73,"shoes":1,"hair_color_2":0,"glasses_1":19,"skin":13,"face":6,"pants_2":5,"tshirt_1":75,"pants_1":37,"helmet_1":57,"torso_2":0,"arms":14,"sex":1,"glasses_2":0,"decals_1":0,"hair_2":0,"helmet_2":0,"hair_color_1":0}'),
	(13, 'police', 0, 'recruit', 'Cadet', 1000, '{}', '{}'),
	(14, 'police', 1, 'officer', 'Sr. Cadet', 1450, '{}', '{}'),
	(15, 'police', 2, 'sergeant', 'Officer', 2800, '{}', '{}'),
	(16, 'police', 4, 'lieutenant', 'DIG', 3200, '{}', '{}'),
	(17, 'police', 5, 'boss', 'IG', 3500, '{}', '{}'),
	(18, 'offpolice', 0, 'recruit', 'Recruit', 10, '{}', '{}'),
	(19, 'offpolice', 1, 'officer', 'Officer', 10, '{}', '{}'),
	(20, 'offpolice', 2, 'sergeant', 'Sergeant', 10, '{}', '{}'),
	(21, 'offpolice', 3, 'lieutenant', 'Lieutenant', 10, '{}', '{}'),
	(22, 'offpolice', 4, 'boss', 'Boss', 10, '{}', '{}'),
	(23, 'offambulance', 0, 'ambulance', 'Ambulance', 10, '{}', '{}'),
	(24, 'offambulance', 1, 'doctor', 'Doctor', 10, '{}', '{}'),
	(25, 'offambulance', 2, 'chief_doctor', 'Chef', 10, '{}', '{}'),
	(26, 'offambulance', 3, 'boss', 'Boss', 10, '{}', '{}'),
	(27, 'cardealer', 0, 'recruit', 'Recruit', 10, '{}', '{}'),
	(28, 'cardealer', 1, 'novice', 'Novice', 10, '{}', '{}'),
	(29, 'cardealer', 2, 'experienced', 'Experienced', 10, '{}', '{}'),
	(30, 'cardealer', 3, 'boss', 'Boss', 10, '{}', '{}'),
	(36, 'sheriff', 0, 'recruit', 'Recrue', 10, '{}', '{}'),
	(37, 'sheriff', 1, 'officer', 'Deputy', 10, '{}', '{}'),
	(38, 'sheriff', 2, 'sergeant', 'Major', 10, '{}', '{}'),
	(39, 'sheriff', 4, 'lieutenant', 'Sheriff-Adjoint', 10, '{}', '{}'),
	(40, 'sheriff', 5, 'boss', 'Sheriff', 10, '{}', '{}'),
	(45, 'taxi', 0, 'recrue', 'recrue', 10, '{}', '{}'),
	(46, 'taxi', 1, 'novice', 'Novice', 10, '{}', '{}'),
	(47, 'taxi', 2, 'experienced', 'experienced', 10, '{}', '{}'),
	(48, 'taxi', 3, 'trained', 'Trained', 10, '{}', '{}'),
	(49, 'taxi', 4, 'boss', 'Boss', 10, '{}', '{}'),
	(50, 'BPG', 0, 'prospect', 'Prospect', 10, '{}', '{}'),
	(51, 'BPG', 1, 'enforcer', 'Enforcer', 10, '{}', '{}'),
	(52, 'BPG', 2, 'lieutenant', 'Lieuteant', 10, '{}', '{}'),
	(53, 'BPG', 3, 'vicepresident', 'Vice President', 10, '{}', '{}'),
	(54, 'BPG', 4, 'boss', 'President', 10, '{}', '{}'),
	(55, 'auctionhouse', 0, 'recruit', 'Recruit', 10, '{}', '{}'),
	(56, 'auctionhouse', 1, 'novice', 'Novice', 10, '{}', '{}'),
	(57, 'auctionhouse', 2, 'experienced', 'Experienced', 10, '{}', '{}'),
	(58, 'auctionhouse', 3, 'boss', 'Boss', 10, '{}', '{}'),
	(59, 'admin', 0, 'recruit', 'Recrue', 10, '{}', '{}'),
	(60, 'admin', 1, 'officer', 'Officier', 10, '{}', '{}'),
	(61, 'admin', 2, 'sergeant', 'Sergent', 10, '{}', '{}'),
	(62, 'admin', 3, 'lieutenant', 'Lieutenant', 10, '{}', '{}'),
	(63, 'admin', 4, 'boss', 'Boss', 10, '{}', '{}'),
	(64, 'police', 3, 'intendent', 'Sr.Officer', 10, '', ''),
	(65, 'Lawyer', 0, 'prospect', 'Practicer', 10, '{}', '{}'),
	(66, 'Lawyer', 1, 'enforcer', 'Recruit-Lawyer', 10, '{}', '{}'),
	(67, 'Lawyer', 2, 'lieutenant', 'Lawyer', 10, '{}', '{}'),
	(68, 'Lawyer', 3, 'vicepresident', 'Head-Lawyer', 10, '{}', '{}'),
	(69, 'Lawyer', 4, 'boss', 'Judge', 10, '{}', '{}'),
	(74, 'mecano', 4, 'boss', 'Patron', 0, '{hair_2":0,"hair_color_2":0,"torso_1":251,"bags_1":0,"helmet_2":0,"chain_2":0,"eyebrows_3":0,"makeup_3":0,"makeup_2":0,"tshirt_1":15,"makeup_1":0,"bags_2":0,"makeup_4":0,"eyebrows_4":0,"chain_1":0,"lipstick_4":0,"bproof_2":0,"hair_color_1":0,"decals_2":0,"pants_2":17,"age_2":0,"glasses_2":0,"ears_2":0,"arms":24,"lipstick_1":0,"ears_1":-1,"mask_2":0,"sex":0,"lipstick_3":0,"helmet_1":-1,"shoes_2":0,"beard_2":0,"beard_1":0,"lipstick_2":0,"beard_4":0,"glasses_1":0,"bproof_1":0,"mask_1":0,"decals_1":1,"hair_1":0,"eyebrows_2":0,"beard_3":0,"age_1":0,"tshirt_2":0,"skin":0,"torso_2":17,"eyebrows_1":0,"face":0,"shoes_1":25,"pants_1":97}', '{hair_2":0,"hair_color_2":0,"torso_1":259,"bags_1":0,"helmet_2":0,"chain_2":0,"eyebrows_3":0,"makeup_3":0,"makeup_2":0,"tshirt_1":15,"makeup_1":0,"bags_2":0,"makeup_4":0,"eyebrows_4":0,"chain_1":0,"lipstick_4":0,"bproof_2":0,"hair_color_1":0,"decals_2":0,"pants_2":17,"age_2":0,"glasses_2":0,"ears_2":0,"arms":24,"lipstick_1":0,"ears_1":-1,"mask_2":0,"sex":1,"lipstick_3":0,"helmet_1":-1,"shoes_2":0,"beard_2":0,"beard_1":0,"lipstick_2":0,"beard_4":0,"glasses_1":5,"bproof_1":0,"mask_1":0,"decals_1":1,"hair_1":0,"eyebrows_2":0,"beard_3":0,"age_1":0,"tshirt_2":0,"skin":0,"torso_2":17,"eyebrows_1":0,"face":0,"shoes_1":25,"pants_1":101}'),
	(75, 'garbage', 0, 'employee', 'Employee', 750, '{"tshirt_1":59,"torso_1":89,"arms":31,"pants_1":36,"glasses_1":19,"decals_2":0,"hair_color_2":0,"helmet_2":0,"hair_color_1":0,"face":2,"glasses_2":0,"torso_2":1,"shoes":35,"hair_1":0,"skin":0,"sex":0,"glasses_1":19,"pants_2":0,"hair_2":0,"decals_1":0,"tshirt_2":0,"helmet_1":5}', '{"tshirt_1":36,"torso_1":0,"arms":68,"pants_1":30,"glasses_1":15,"decals_2":0,"hair_color_2":0,"helmet_2":0,"hair_color_1":0,"face":27,"glasses_2":0,"torso_2":11,"shoes":26,"hair_1":5,"skin":0,"sex":1,"glasses_1":15,"pants_2":2,"hair_2":0,"decals_1":0,"tshirt_2":0,"helmet_1":19}'),
	(76, 'mechanic', 0, 'recrue', 'Recrue', 12, '{hair_2":0,"hair_color_2":0,"torso_1":251,"bags_1":0,"helmet_2":0,"chain_2":0,"eyebrows_3":0,"makeup_3":0,"makeup_2":0,"tshirt_1":15,"makeup_1":0,"bags_2":0,"makeup_4":0,"eyebrows_4":0,"chain_1":0,"lipstick_4":0,"bproof_2":0,"hair_color_1":0,"decals_2":0,"pants_2":0,"age_2":0,"glasses_2":0,"ears_2":0,"arms":24,"lipstick_1":0,"ears_1":-1,"mask_2":0,"sex":0,"lipstick_3":0,"helmet_1":-1,"shoes_2":0,"beard_2":0,"beard_1":0,"lipstick_2":0,"beard_4":0,"glasses_1":0,"bproof_1":0,"mask_1":0,"decals_1":1,"hair_1":0,"eyebrows_2":0,"beard_3":0,"age_1":0,"tshirt_2":0,"skin":0,"torso_2":0,"eyebrows_1":0,"face":0,"shoes_1":25,"pants_1":97}', '{hair_2":0,"hair_color_2":0,"torso_1":259,"bags_1":0,"helmet_2":0,"chain_2":0,"eyebrows_3":0,"makeup_3":0,"makeup_2":0,"tshirt_1":15,"makeup_1":0,"bags_2":0,"makeup_4":0,"eyebrows_4":0,"chain_1":0,"lipstick_4":0,"bproof_2":0,"hair_color_1":0,"decals_2":0,"pants_2":0,"age_2":0,"glasses_2":0,"ears_2":0,"arms":24,"lipstick_1":0,"ears_1":-1,"mask_2":0,"sex":1,"lipstick_3":0,"helmet_1":-1,"shoes_2":0,"beard_2":0,"beard_1":0,"lipstick_2":0,"beard_4":0,"glasses_1":5,"bproof_1":0,"mask_1":0,"decals_1":1,"hair_1":0,"eyebrows_2":0,"beard_3":0,"age_1":0,"tshirt_2":0,"skin":0,"torso_2":0,"eyebrows_1":0,"face":0,"shoes_1":25,"pants_1":101}'),
	(77, 'mechanic', 1, 'novice', 'Novice', 24, '{hair_2":0,"hair_color_2":0,"torso_1":251,"bags_1":0,"helmet_2":0,"chain_2":0,"eyebrows_3":0,"makeup_3":0,"makeup_2":0,"tshirt_1":15,"makeup_1":0,"bags_2":0,"makeup_4":0,"eyebrows_4":0,"chain_1":0,"lipstick_4":0,"bproof_2":0,"hair_color_1":0,"decals_2":0,"pants_2":1,"age_2":0,"glasses_2":0,"ears_2":0,"arms":24,"lipstick_1":0,"ears_1":-1,"mask_2":0,"sex":0,"lipstick_3":0,"helmet_1":-1,"shoes_2":0,"beard_2":0,"beard_1":0,"lipstick_2":0,"beard_4":0,"glasses_1":0,"bproof_1":0,"mask_1":0,"decals_1":1,"hair_1":0,"eyebrows_2":0,"beard_3":0,"age_1":0,"tshirt_2":0,"skin":0,"torso_2":1,"eyebrows_1":0,"face":0,"shoes_1":25,"pants_1":97}', '{hair_2":0,"hair_color_2":0,"torso_1":259,"bags_1":0,"helmet_2":0,"chain_2":0,"eyebrows_3":0,"makeup_3":0,"makeup_2":0,"tshirt_1":15,"makeup_1":0,"bags_2":0,"makeup_4":0,"eyebrows_4":0,"chain_1":0,"lipstick_4":0,"bproof_2":0,"hair_color_1":0,"decals_2":0,"pants_2":1,"age_2":0,"glasses_2":0,"ears_2":0,"arms":24,"lipstick_1":0,"ears_1":-1,"mask_2":0,"sex":1,"lipstick_3":0,"helmet_1":-1,"shoes_2":0,"beard_2":0,"beard_1":0,"lipstick_2":0,"beard_4":0,"glasses_1":5,"bproof_1":0,"mask_1":0,"decals_1":1,"hair_1":0,"eyebrows_2":0,"beard_3":0,"age_1":0,"tshirt_2":0,"skin":0,"torso_2":1,"eyebrows_1":0,"face":0,"shoes_1":25,"pants_1":101}'),
	(78, 'mechanic', 2, 'experienced', 'experienced', 36, '{hair_2":0,"hair_color_2":0,"torso_1":251,"bags_1":0,"helmet_2":0,"chain_2":0,"eyebrows_3":0,"makeup_3":0,"makeup_2":0,"tshirt_1":15,"makeup_1":0,"bags_2":0,"makeup_4":0,"eyebrows_4":0,"chain_1":0,"lipstick_4":0,"bproof_2":0,"hair_color_1":0,"decals_2":0,"pants_2":6,"age_2":0,"glasses_2":0,"ears_2":0,"arms":24,"lipstick_1":0,"ears_1":-1,"mask_2":0,"sex":0,"lipstick_3":0,"helmet_1":-1,"shoes_2":0,"beard_2":0,"beard_1":0,"lipstick_2":0,"beard_4":0,"glasses_1":0,"bproof_1":0,"mask_1":0,"decals_1":1,"hair_1":0,"eyebrows_2":0,"beard_3":0,"age_1":0,"tshirt_2":0,"skin":0,"torso_2":6,"eyebrows_1":0,"face":0,"shoes_1":25,"pants_1":97}', '{hair_2":0,"hair_color_2":0,"torso_1":259,"bags_1":0,"helmet_2":0,"chain_2":0,"eyebrows_3":0,"makeup_3":0,"makeup_2":0,"tshirt_1":15,"makeup_1":0,"bags_2":0,"makeup_4":0,"eyebrows_4":0,"chain_1":0,"lipstick_4":0,"bproof_2":0,"hair_color_1":0,"decals_2":0,"pants_2":2,"age_2":0,"glasses_2":0,"ears_2":0,"arms":24,"lipstick_1":0,"ears_1":-1,"mask_2":0,"sex":1,"lipstick_3":0,"helmet_1":-1,"shoes_2":0,"beard_2":0,"beard_1":0,"lipstick_2":0,"beard_4":0,"glasses_1":5,"bproof_1":0,"mask_1":0,"decals_1":1,"hair_1":0,"eyebrows_2":0,"beard_3":0,"age_1":0,"tshirt_2":0,"skin":0,"torso_2":2,"eyebrows_1":0,"face":0,"shoes_1":25,"pants_1":101}'),
	(79, 'mechanic', 3, 'chief', 'chief', 48, '{hair_2":0,"hair_color_2":0,"torso_1":251,"bags_1":0,"helmet_2":0,"chain_2":0,"eyebrows_3":0,"makeup_3":0,"makeup_2":0,"tshirt_1":15,"makeup_1":0,"bags_2":0,"makeup_4":0,"eyebrows_4":0,"chain_1":0,"lipstick_4":0,"bproof_2":0,"hair_color_1":0,"decals_2":0,"pants_2":16,"age_2":0,"glasses_2":0,"ears_2":0,"arms":24,"lipstick_1":0,"ears_1":-1,"mask_2":0,"sex":0,"lipstick_3":0,"helmet_1":-1,"shoes_2":0,"beard_2":0,"beard_1":0,"lipstick_2":0,"beard_4":0,"glasses_1":0,"bproof_1":0,"mask_1":0,"decals_1":1,"hair_1":0,"eyebrows_2":0,"beard_3":0,"age_1":0,"tshirt_2":0,"skin":0,"torso_2":16,"eyebrows_1":0,"face":0,"shoes_1":25,"pants_1":97}', '{hair_2":0,"hair_color_2":0,"torso_1":259,"bags_1":0,"helmet_2":0,"chain_2":0,"eyebrows_3":0,"makeup_3":0,"makeup_2":0,"tshirt_1":15,"makeup_1":0,"bags_2":0,"makeup_4":0,"eyebrows_4":0,"chain_1":0,"lipstick_4":0,"bproof_2":0,"hair_color_1":0,"decals_2":0,"pants_2":6,"age_2":0,"glasses_2":0,"ears_2":0,"arms":24,"lipstick_1":0,"ears_1":-1,"mask_2":0,"sex":1,"lipstick_3":0,"helmet_1":-1,"shoes_2":0,"beard_2":0,"beard_1":0,"lipstick_2":0,"beard_4":0,"glasses_1":5,"bproof_1":0,"mask_1":0,"decals_1":1,"hair_1":0,"eyebrows_2":0,"beard_3":0,"age_1":0,"tshirt_2":0,"skin":0,"torso_2":6,"eyebrows_1":0,"face":0,"shoes_1":25,"pants_1":101}'),
	(80, 'mechanic', 4, 'boss', 'Boss', 0, '{hair_2":0,"hair_color_2":0,"torso_1":251,"bags_1":0,"helmet_2":0,"chain_2":0,"eyebrows_3":0,"makeup_3":0,"makeup_2":0,"tshirt_1":15,"makeup_1":0,"bags_2":0,"makeup_4":0,"eyebrows_4":0,"chain_1":0,"lipstick_4":0,"bproof_2":0,"hair_color_1":0,"decals_2":0,"pants_2":17,"age_2":0,"glasses_2":0,"ears_2":0,"arms":24,"lipstick_1":0,"ears_1":-1,"mask_2":0,"sex":0,"lipstick_3":0,"helmet_1":-1,"shoes_2":0,"beard_2":0,"beard_1":0,"lipstick_2":0,"beard_4":0,"glasses_1":0,"bproof_1":0,"mask_1":0,"decals_1":1,"hair_1":0,"eyebrows_2":0,"beard_3":0,"age_1":0,"tshirt_2":0,"skin":0,"torso_2":17,"eyebrows_1":0,"face":0,"shoes_1":25,"pants_1":97}', '{hair_2":0,"hair_color_2":0,"torso_1":259,"bags_1":0,"helmet_2":0,"chain_2":0,"eyebrows_3":0,"makeup_3":0,"makeup_2":0,"tshirt_1":15,"makeup_1":0,"bags_2":0,"makeup_4":0,"eyebrows_4":0,"chain_1":0,"lipstick_4":0,"bproof_2":0,"hair_color_1":0,"decals_2":0,"pants_2":17,"age_2":0,"glasses_2":0,"ears_2":0,"arms":24,"lipstick_1":0,"ears_1":-1,"mask_2":0,"sex":1,"lipstick_3":0,"helmet_1":-1,"shoes_2":0,"beard_2":0,"beard_1":0,"lipstick_2":0,"beard_4":0,"glasses_1":5,"bproof_1":0,"mask_1":0,"decals_1":1,"hair_1":0,"eyebrows_2":0,"beard_3":0,"age_1":0,"tshirt_2":0,"skin":0,"torso_2":17,"eyebrows_1":0,"face":0,"shoes_1":25,"pants_1":101}'),
	(81, 'weazelnews', 0, 'recrue', 'Employ', 12, '{}', '{}'),
	(82, 'weazelnews', 1, 'boss', 'Patron', 24, '{}', '{}');
/*!40000 ALTER TABLE `job_grades` ENABLE KEYS */;

-- Dumping structure for table zap669487-1.licenses
CREATE TABLE IF NOT EXISTS `licenses` (
  `type` varchar(60) NOT NULL,
  `label` varchar(60) NOT NULL,
  PRIMARY KEY (`type`)
) ENGINE=InnoDB DEFAULT CHARSET=utf8mb4;

-- Dumping data for table zap669487-1.licenses: ~0 rows (approximately)
/*!40000 ALTER TABLE `licenses` DISABLE KEYS */;
INSERT INTO `licenses` (`type`, `label`) VALUES
	('weed_processing', 'Weed Processing License');
/*!40000 ALTER TABLE `licenses` ENABLE KEYS */;

-- Dumping structure for table zap669487-1.owned_bags
CREATE TABLE IF NOT EXISTS `owned_bags` (
  `identifier` varchar(50) DEFAULT NULL,
  `id` int(11) DEFAULT NULL,
  `x` double DEFAULT NULL,
  `y` double DEFAULT NULL,
  `z` double DEFAULT NULL,
  `itemcount` int(11) NOT NULL DEFAULT 0
) ENGINE=InnoDB DEFAULT CHARSET=latin1;

-- Dumping data for table zap669487-1.owned_bags: ~0 rows (approximately)
/*!40000 ALTER TABLE `owned_bags` DISABLE KEYS */;
/*!40000 ALTER TABLE `owned_bags` ENABLE KEYS */;

-- Dumping structure for table zap669487-1.owned_bag_inventory
CREATE TABLE IF NOT EXISTS `owned_bag_inventory` (
  `id` int(11) DEFAULT NULL,
  `item` varchar(50) DEFAULT NULL,
  `label` varchar(50) CHARACTER SET utf8mb4 COLLATE utf8mb4_bin DEFAULT NULL,
  `count` int(11) DEFAULT NULL
) ENGINE=InnoDB DEFAULT CHARSET=utf8mb4;

-- Dumping data for table zap669487-1.owned_bag_inventory: ~0 rows (approximately)
/*!40000 ALTER TABLE `owned_bag_inventory` DISABLE KEYS */;
/*!40000 ALTER TABLE `owned_bag_inventory` ENABLE KEYS */;

-- Dumping structure for table zap669487-1.owned_shops
CREATE TABLE IF NOT EXISTS `owned_shops` (
  `identifier` varchar(250) DEFAULT NULL,
  `ShopNumber` int(11) DEFAULT NULL,
  `money` int(11) DEFAULT 0,
  `ShopValue` int(11) DEFAULT NULL,
  `LastRobbery` int(11) DEFAULT 0,
  `ShopName` varchar(30) DEFAULT NULL
) ENGINE=InnoDB DEFAULT CHARSET=latin1;

-- Dumping data for table zap669487-1.owned_shops: ~0 rows (approximately)
/*!40000 ALTER TABLE `owned_shops` DISABLE KEYS */;
/*!40000 ALTER TABLE `owned_shops` ENABLE KEYS */;

-- Dumping structure for table zap669487-1.owned_vehicles
CREATE TABLE IF NOT EXISTS `owned_vehicles` (
  `owner` varchar(22) NOT NULL,
  `plate` varchar(12) NOT NULL,
  `vehicle` longtext DEFAULT NULL,
  `type` varchar(20) NOT NULL DEFAULT 'car',
  `job` varchar(20) DEFAULT NULL,
  `stored` tinyint(1) NOT NULL DEFAULT 0,
  `lasthouse` int(11) DEFAULT 0,
  `garage` varchar(200) DEFAULT 'A',
  PRIMARY KEY (`plate`)
) ENGINE=InnoDB DEFAULT CHARSET=utf8mb4;

-- Dumping data for table zap669487-1.owned_vehicles: ~0 rows (approximately)
/*!40000 ALTER TABLE `owned_vehicles` DISABLE KEYS */;
/*!40000 ALTER TABLE `owned_vehicles` ENABLE KEYS */;

-- Dumping structure for table zap669487-1.phone_app_chat
CREATE TABLE IF NOT EXISTS `phone_app_chat` (
  `id` int(11) NOT NULL AUTO_INCREMENT,
  `channel` varchar(20) NOT NULL,
  `message` varchar(255) NOT NULL,
  `time` timestamp NOT NULL DEFAULT current_timestamp(),
  PRIMARY KEY (`id`)
) ENGINE=InnoDB AUTO_INCREMENT=268 DEFAULT CHARSET=utf8;

-- Dumping data for table zap669487-1.phone_app_chat: ~0 rows (approximately)
/*!40000 ALTER TABLE `phone_app_chat` DISABLE KEYS */;
/*!40000 ALTER TABLE `phone_app_chat` ENABLE KEYS */;

-- Dumping structure for table zap669487-1.phone_calls
CREATE TABLE IF NOT EXISTS `phone_calls` (
  `id` int(11) NOT NULL AUTO_INCREMENT,
  `owner` varchar(10) NOT NULL,
  `num` varchar(10) NOT NULL,
  `incoming` int(11) NOT NULL,
  `time` timestamp NOT NULL DEFAULT current_timestamp(),
  `accepts` int(11) NOT NULL,
  PRIMARY KEY (`id`)
) ENGINE=InnoDB AUTO_INCREMENT=16293 DEFAULT CHARSET=utf8;

-- Dumping data for table zap669487-1.phone_calls: ~0 rows (approximately)
/*!40000 ALTER TABLE `phone_calls` DISABLE KEYS */;
INSERT INTO `phone_calls` (`id`, `owner`, `num`, `incoming`, `time`, `accepts`) VALUES
	(16291, '9995056', 'ambulance', 1, '2021-02-12 03:52:55', 0),
	(16292, '9995056', 'ambulance', 1, '2021-02-14 19:52:00', 0);
/*!40000 ALTER TABLE `phone_calls` ENABLE KEYS */;

-- Dumping structure for table zap669487-1.phone_ch_reddit
CREATE TABLE IF NOT EXISTS `phone_ch_reddit` (
  `id` int(11) NOT NULL AUTO_INCREMENT,
  `redgkit` varchar(20) NOT NULL,
  `time` timestamp NOT NULL DEFAULT current_timestamp(),
  PRIMARY KEY (`id`)
) ENGINE=InnoDB DEFAULT CHARSET=utf8;

-- Dumping data for table zap669487-1.phone_ch_reddit: ~0 rows (approximately)
/*!40000 ALTER TABLE `phone_ch_reddit` DISABLE KEYS */;
/*!40000 ALTER TABLE `phone_ch_reddit` ENABLE KEYS */;

-- Dumping structure for table zap669487-1.phone_messages
CREATE TABLE IF NOT EXISTS `phone_messages` (
  `id` int(11) NOT NULL AUTO_INCREMENT,
  `transmitter` varchar(10) NOT NULL,
  `receiver` varchar(10) NOT NULL,
  `message` varchar(255) NOT NULL DEFAULT '0',
  `time` timestamp NOT NULL DEFAULT current_timestamp(),
  `isRead` int(11) NOT NULL DEFAULT 0,
  `owner` int(11) NOT NULL DEFAULT 0,
  PRIMARY KEY (`id`)
) ENGINE=MyISAM AUTO_INCREMENT=45221 DEFAULT CHARSET=utf8;

-- Dumping data for table zap669487-1.phone_messages: 0 rows
/*!40000 ALTER TABLE `phone_messages` DISABLE KEYS */;
/*!40000 ALTER TABLE `phone_messages` ENABLE KEYS */;

-- Dumping structure for table zap669487-1.phone_reddit
CREATE TABLE IF NOT EXISTS `phone_reddit` (
  `id` int(11) NOT NULL AUTO_INCREMENT,
  `redgkit` varchar(20) DEFAULT NULL,
  `reditsage` varchar(255) DEFAULT NULL,
  `time` timestamp NOT NULL DEFAULT current_timestamp(),
  PRIMARY KEY (`id`)
) ENGINE=InnoDB DEFAULT CHARSET=utf8;

-- Dumping data for table zap669487-1.phone_reddit: ~0 rows (approximately)
/*!40000 ALTER TABLE `phone_reddit` DISABLE KEYS */;
/*!40000 ALTER TABLE `phone_reddit` ENABLE KEYS */;

-- Dumping structure for table zap669487-1.phone_shops
CREATE TABLE IF NOT EXISTS `phone_shops` (
  `id` int(11) NOT NULL AUTO_INCREMENT,
  `store` varchar(255) NOT NULL,
  `item` varchar(100) NOT NULL,
  `price` int(11) NOT NULL,
  `label` varchar(100) NOT NULL,
  PRIMARY KEY (`id`)
) ENGINE=InnoDB AUTO_INCREMENT=19 DEFAULT CHARSET=latin1;

-- Dumping data for table zap669487-1.phone_shops: ~0 rows (approximately)
/*!40000 ALTER TABLE `phone_shops` DISABLE KEYS */;
INSERT INTO `phone_shops` (`id`, `store`, `item`, `price`, `label`) VALUES
	(18, 'https://img.pngio.com/sim-card-png-clipart-sim-cards-png-1483_1162.png', 'sim', 50, 'SIM CARD');
/*!40000 ALTER TABLE `phone_shops` ENABLE KEYS */;

-- Dumping structure for table zap669487-1.phone_users_contacts
CREATE TABLE IF NOT EXISTS `phone_users_contacts` (
  `id` int(11) NOT NULL AUTO_INCREMENT,
  `identifier` varchar(60) CHARACTER SET utf8mb4 DEFAULT NULL,
  `number` varchar(10) CHARACTER SET utf8mb4 DEFAULT NULL,
  `display` varchar(64) CHARACTER SET utf8mb4 NOT NULL DEFAULT '-1',
  PRIMARY KEY (`id`)
) ENGINE=MyISAM AUTO_INCREMENT=992 DEFAULT CHARSET=utf8;

-- Dumping data for table zap669487-1.phone_users_contacts: 0 rows
/*!40000 ALTER TABLE `phone_users_contacts` DISABLE KEYS */;
/*!40000 ALTER TABLE `phone_users_contacts` ENABLE KEYS */;

-- Dumping structure for table zap669487-1.playerhousing
CREATE TABLE IF NOT EXISTS `playerhousing` (
  `id` int(32) NOT NULL,
  `owner` varchar(50) DEFAULT NULL,
  `rented` tinyint(1) DEFAULT NULL,
  `price` int(32) DEFAULT NULL,
  `wardrobe` longtext DEFAULT NULL,
  `furniture` longtext DEFAULT NULL,
  PRIMARY KEY (`id`)
) ENGINE=InnoDB DEFAULT CHARSET=utf8mb4;

-- Dumping data for table zap669487-1.playerhousing: ~0 rows (approximately)
/*!40000 ALTER TABLE `playerhousing` DISABLE KEYS */;
/*!40000 ALTER TABLE `playerhousing` ENABLE KEYS */;

-- Dumping structure for table zap669487-1.rented_vehicles
CREATE TABLE IF NOT EXISTS `rented_vehicles` (
  `vehicle` varchar(60) NOT NULL,
  `plate` varchar(12) NOT NULL,
  `player_name` varchar(255) NOT NULL,
  `base_price` int(11) NOT NULL,
  `rent_price` int(11) NOT NULL,
  `owner` varchar(22) NOT NULL,
  PRIMARY KEY (`plate`)
) ENGINE=InnoDB DEFAULT CHARSET=utf8mb4;

-- Dumping data for table zap669487-1.rented_vehicles: ~0 rows (approximately)
/*!40000 ALTER TABLE `rented_vehicles` DISABLE KEYS */;
/*!40000 ALTER TABLE `rented_vehicles` ENABLE KEYS */;

-- Dumping structure for table zap669487-1.shipments
CREATE TABLE IF NOT EXISTS `shipments` (
  `id` int(11) DEFAULT NULL,
  `identifier` varchar(50) DEFAULT NULL,
  `label` varchar(50) DEFAULT NULL,
  `item` varchar(50) DEFAULT NULL,
  `price` varchar(50) DEFAULT NULL,
  `count` varchar(50) DEFAULT NULL,
  `time` int(20) DEFAULT NULL
) ENGINE=InnoDB DEFAULT CHARSET=latin1;

-- Dumping data for table zap669487-1.shipments: ~0 rows (approximately)
/*!40000 ALTER TABLE `shipments` DISABLE KEYS */;
/*!40000 ALTER TABLE `shipments` ENABLE KEYS */;

-- Dumping structure for table zap669487-1.shops
CREATE TABLE IF NOT EXISTS `shops` (
  `id` int(11) NOT NULL AUTO_INCREMENT,
  `store` varchar(100) NOT NULL,
  `item` varchar(100) NOT NULL,
  `price` int(11) NOT NULL,
  PRIMARY KEY (`id`)
) ENGINE=InnoDB AUTO_INCREMENT=60 DEFAULT CHARSET=utf8mb4;

-- Dumping data for table zap669487-1.shops: ~24 rows (approximately)
/*!40000 ALTER TABLE `shops` DISABLE KEYS */;
INSERT INTO `shops` (`id`, `store`, `item`, `price`) VALUES
	(1, 'LTDgasoline', 'bread', 5),
	(2, 'LTDgasoline', 'water', 5),
	(3, 'LTDgasoline', 'acetone', 200),
	(4, 'LTDgasoline', 'lithium', 50),
	(5, 'LTDgasoline', 'methlab', 5000),
	(6, 'LTDgasoline', 'fishbait', 100),
	(7, 'LTDgasoline', 'fishingrod', 500),
	(8, 'LTDgasoline', 'turtlebait', 200),
	(9, 'LTDgasoline', 'bag', 3000),
	(10, 'LTDgasoline', 'repairkit', 500),
	(13, 'TwentyFourSeven', 'HeavyArmor', 2000),
	(16, 'TwentyFourSeven', 'arAmmo', 500),
	(19, 'TwentyFourSeven', 'flashlight', 1000),
	(20, 'TwentyFourSeven', 'grip', 1000),
	(21, 'TwentyFourSeven', 'id_card', 1000),
	(22, 'TwentyFourSeven', 'thermal_charge', 2500),
	(23, 'TwentyFourSeven', 'laptop_h', 7500),
	(24, 'TwentyFourSeven', 'lockpick', 1000),
	(25, 'TwentyFourSeven', 'id_card_f', 5000),
	(26, 'TwentyFourSeven', 'secure_card', 2500),
	(27, 'TwentyFourSeven', 'pendrive', 25000),
	(28, 'LTDgasoline', 'blue_phone', 1000),
	(57, 'TwentyFourSeven', 'sim', 50),
	(58, 'RobsLiquor', 'sim', 50),
	(59, 'LTDgasoline', 'sim', 50);
/*!40000 ALTER TABLE `shops` ENABLE KEYS */;

-- Dumping structure for table zap669487-1.sim
CREATE TABLE IF NOT EXISTS `sim` (
  `identifier` varchar(50) NOT NULL,
  `phone_number` varchar(10) DEFAULT NULL
) ENGINE=MyISAM DEFAULT CHARSET=latin1;

-- Dumping data for table zap669487-1.sim: 7 rows
/*!40000 ALTER TABLE `sim` DISABLE KEYS */;
INSERT INTO `sim` (`identifier`, `phone_number`) VALUES
	('steam:11000013bebd70f', '9995056'),
	('steam:110000140ae1687', NULL),
	('steam:11000013bebd70f', '5551195'),
	('steam:110000140ae1687', NULL),
	('steam:110000140ae1687', NULL),
	('steam:110000140ae1687', NULL),
	('steam:110000140ae1687', NULL);
/*!40000 ALTER TABLE `sim` ENABLE KEYS */;

-- Dumping structure for table zap669487-1.society_moneywash
CREATE TABLE IF NOT EXISTS `society_moneywash` (
  `id` int(11) NOT NULL AUTO_INCREMENT,
  `identifier` varchar(60) NOT NULL,
  `society` varchar(60) NOT NULL,
  `amount` int(11) NOT NULL,
  PRIMARY KEY (`id`)
) ENGINE=InnoDB AUTO_INCREMENT=2 DEFAULT CHARSET=utf8mb4;

-- Dumping data for table zap669487-1.society_moneywash: ~0 rows (approximately)
/*!40000 ALTER TABLE `society_moneywash` DISABLE KEYS */;
/*!40000 ALTER TABLE `society_moneywash` ENABLE KEYS */;

-- Dumping structure for table zap669487-1.territories
CREATE TABLE IF NOT EXISTS `territories` (
  `zone` varchar(50) NOT NULL DEFAULT '',
  `control` varchar(50) NOT NULL DEFAULT '',
  `influence` float NOT NULL DEFAULT 0
) ENGINE=InnoDB DEFAULT CHARSET=utf8mb4;

-- Dumping data for table zap669487-1.territories: ~0 rows (approximately)
/*!40000 ALTER TABLE `territories` DISABLE KEYS */;
/*!40000 ALTER TABLE `territories` ENABLE KEYS */;

-- Dumping structure for table zap669487-1.trunk_inventory
CREATE TABLE IF NOT EXISTS `trunk_inventory` (
  `id` int(11) NOT NULL AUTO_INCREMENT,
  `plate` varchar(8) NOT NULL,
  `data` text NOT NULL,
  `owned` int(11) NOT NULL,
  PRIMARY KEY (`id`),
  UNIQUE KEY `plate` (`plate`)
) ENGINE=InnoDB AUTO_INCREMENT=22 DEFAULT CHARSET=utf8mb4;

-- Dumping data for table zap669487-1.trunk_inventory: ~5 rows (approximately)
/*!40000 ALTER TABLE `trunk_inventory` DISABLE KEYS */;
INSERT INTO `trunk_inventory` (`id`, `plate`, `data`, `owned`) VALUES
	(6, 'BDY 065 ', '{"black_money":[{"amount":31000}]}', 1),
	(7, 'NSN 436 ', '{"black_money":[{"amount":30000}]}', 1),
	(9, '  ASAD  ', '{"black_money":[{"amount":349875}]}', 1),
	(12, '  SAAD  ', '{"coffre":[{"name":"carotool","count":1},{"name":"bag","count":1},{"name":"repairkit","count":2}],"weapons":[{"name":"WEAPON_PISTOL","ammo":23,"label":"Pistol"},{"name":"WEAPON_PISTOL","ammo":42,"label":"Pistol"},{"name":"WEAPON_BAT","ammo":0,"label":"Bat"}]}', 1),
	(13, ' NOBITA ', '{"coffre":[{"name":"repairkit","count":8}]}', 1);
/*!40000 ALTER TABLE `trunk_inventory` ENABLE KEYS */;

-- Dumping structure for table zap669487-1.twitter_accounts
CREATE TABLE IF NOT EXISTS `twitter_accounts` (
  `id` int(11) NOT NULL AUTO_INCREMENT,
  `username` varchar(50) CHARACTER SET utf8 NOT NULL DEFAULT '0',
  `password` varchar(50) COLLATE utf8mb4_bin NOT NULL DEFAULT '0',
  `avatar_url` varchar(255) COLLATE utf8mb4_bin DEFAULT NULL,
  `identifier` varchar(50) COLLATE utf8mb4_bin NOT NULL,
  PRIMARY KEY (`id`),
  UNIQUE KEY `username` (`username`)
) ENGINE=InnoDB AUTO_INCREMENT=1624 DEFAULT CHARSET=utf8mb4 COLLATE=utf8mb4_bin;

-- Dumping data for table zap669487-1.twitter_accounts: ~0 rows (approximately)
/*!40000 ALTER TABLE `twitter_accounts` DISABLE KEYS */;
/*!40000 ALTER TABLE `twitter_accounts` ENABLE KEYS */;

-- Dumping structure for table zap669487-1.twitter_likes
CREATE TABLE IF NOT EXISTS `twitter_likes` (
  `id` int(11) NOT NULL AUTO_INCREMENT,
  `authorId` int(11) DEFAULT NULL,
  `tweetId` int(11) DEFAULT NULL,
  PRIMARY KEY (`id`),
  KEY `FK_twitter_likes_twitter_accounts` (`authorId`),
  KEY `FK_twitter_likes_twitter_tweets` (`tweetId`),
  CONSTRAINT `FK_twitter_likes_twitter_accounts` FOREIGN KEY (`authorId`) REFERENCES `twitter_accounts` (`id`),
  CONSTRAINT `FK_twitter_likes_twitter_tweets` FOREIGN KEY (`tweetId`) REFERENCES `twitter_tweets` (`id`) ON DELETE CASCADE
) ENGINE=InnoDB AUTO_INCREMENT=137 DEFAULT CHARSET=utf8mb4 COLLATE=utf8mb4_bin;

-- Dumping data for table zap669487-1.twitter_likes: ~0 rows (approximately)
/*!40000 ALTER TABLE `twitter_likes` DISABLE KEYS */;
/*!40000 ALTER TABLE `twitter_likes` ENABLE KEYS */;

-- Dumping structure for table zap669487-1.twitter_tweets
CREATE TABLE IF NOT EXISTS `twitter_tweets` (
  `id` int(11) NOT NULL AUTO_INCREMENT,
  `authorId` int(11) NOT NULL,
  `realUser` varchar(50) COLLATE utf8mb4_unicode_ci DEFAULT NULL,
  `message` varchar(256) COLLATE utf8mb4_unicode_ci NOT NULL,
  `image` varchar(255) COLLATE utf8mb4_unicode_ci DEFAULT '',
  `time` timestamp NOT NULL DEFAULT current_timestamp(),
  `likes` int(11) NOT NULL DEFAULT 0,
  PRIMARY KEY (`id`),
  KEY `FK_twitter_tweets_twitter_accounts` (`authorId`),
  CONSTRAINT `FK_twitter_tweets_twitter_accounts` FOREIGN KEY (`authorId`) REFERENCES `twitter_accounts` (`id`)
) ENGINE=InnoDB AUTO_INCREMENT=10712 DEFAULT CHARSET=utf8mb4 COLLATE=utf8mb4_unicode_ci;

-- Dumping data for table zap669487-1.twitter_tweets: ~0 rows (approximately)
/*!40000 ALTER TABLE `twitter_tweets` DISABLE KEYS */;
/*!40000 ALTER TABLE `twitter_tweets` ENABLE KEYS */;

-- Dumping structure for table zap669487-1.users
CREATE TABLE IF NOT EXISTS `users` (
  `identifier` varchar(50) COLLATE utf8mb4_bin NOT NULL,
  `license` varchar(50) COLLATE utf8mb4_bin DEFAULT NULL,
  `money` int(11) DEFAULT NULL,
  `name` varchar(50) COLLATE utf8mb4_bin DEFAULT '',
  `skin` longtext COLLATE utf8mb4_bin DEFAULT NULL,
  `job` varchar(50) COLLATE utf8mb4_bin DEFAULT 'unemployed',
  `job_grade` int(11) DEFAULT 0,
  `loadout` longtext COLLATE utf8mb4_bin DEFAULT NULL,
  `position` varchar(36) COLLATE utf8mb4_bin DEFAULT NULL,
  `bank` int(11) DEFAULT NULL,
  `permission_level` int(11) DEFAULT NULL,
  `group` varchar(50) COLLATE utf8mb4_bin DEFAULT NULL,
  `firstname` varchar(50) COLLATE utf8mb4_bin DEFAULT '',
  `lastname` varchar(50) COLLATE utf8mb4_bin DEFAULT '',
  `dateofbirth` varchar(25) COLLATE utf8mb4_bin DEFAULT '',
  `sex` varchar(10) COLLATE utf8mb4_bin DEFAULT '',
  `height` varchar(5) COLLATE utf8mb4_bin DEFAULT '',
  `status` longtext COLLATE utf8mb4_bin DEFAULT NULL,
  `is_dead` tinyint(1) DEFAULT 0,
  `house` longtext COLLATE utf8mb4_bin NOT NULL DEFAULT '{"owns":false,"furniture":[],"houseId":0}',
  `bought_furniture` longtext COLLATE utf8mb4_bin NOT NULL DEFAULT '{}',
  `last_house` int(11) DEFAULT 0,
  `jail_time` int(11) NOT NULL DEFAULT 0,
  `tattoos` longtext COLLATE utf8mb4_bin DEFAULT NULL,
  `phone_number` varchar(10) COLLATE utf8mb4_bin DEFAULT NULL,
  PRIMARY KEY (`identifier`)
) ENGINE=InnoDB DEFAULT CHARSET=utf8mb4 COLLATE=utf8mb4_bin;

-- Dumping data for table zap669487-1.users: ~5 rows (approximately)
/*!40000 ALTER TABLE `users` DISABLE KEYS */;
INSERT INTO `users` (`identifier`, `license`, `money`, `name`, `skin`, `job`, `job_grade`, `loadout`, `position`, `bank`, `permission_level`, `group`, `firstname`, `lastname`, `dateofbirth`, `sex`, `height`, `status`, `is_dead`, `house`, `bought_furniture`, `last_house`, `jail_time`, `tattoos`, `phone_number`) VALUES
	('steam:110000133912c7d', 'license:061dcb87a9d39262ab31f118aa5870e6437d834a', 700, 'anovicgoran', NULL, 'unemployed', 0, '[]', '{"z":43.3,"x":248.4,"y":-574.2}', 14001, 0, 'user', 'NOKIJA', 'EURODRMEX', '16091988', 'm', '195', '[{"name":"hunger","val":963200,"percent":96.32},{"name":"thirst","val":972400,"percent":97.24000000000001}]', 0, '{"owns":false,"furniture":[],"houseId":0}', '{}', 0, 0, NULL, NULL),
	('steam:11000013570ddfa', 'license:ecd1a328872332f6aa6a3b41518b87a4e1098c40', 700, '[Khaddim]ABDULLAH', '{"blemishes_2":0,"glasses_2":0,"lipstick_3":0,"bracelets_1":-1,"chain_2":0,"lipstick_2":0,"eyebrows_2":0,"shoes_1":0,"ears_2":0,"hair_2":0,"hair_color_2":0,"complexion_1":0,"eyebrows_1":0,"beard_4":0,"chest_1":0,"makeup_4":0,"shoes_2":0,"bproof_2":0,"sex":0,"helmet_1":-1,"skin":0,"pants_1":0,"face":0,"chest_2":0,"bodyb_1":0,"watches_1":-1,"mask_1":0,"bproof_1":0,"blush_1":0,"beard_3":0,"lipstick_1":0,"watches_2":0,"chest_3":0,"eyebrows_4":0,"tshirt_1":0,"moles_2":0,"bags_2":0,"blush_2":0,"sun_2":0,"glasses_1":0,"makeup_3":0,"bracelets_2":0,"decals_2":0,"hair_color_1":0,"eye_color":0,"ears_1":-1,"chain_1":0,"makeup_1":0,"blush_3":0,"moles_1":0,"arms_2":0,"bodyb_2":0,"bags_1":0,"arms":0,"lipstick_4":0,"makeup_2":0,"beard_2":0,"age_2":0,"torso_2":0,"blemishes_1":0,"sun_1":0,"hair_1":0,"decals_1":0,"helmet_2":0,"eyebrows_3":0,"age_1":0,"mask_2":0,"complexion_2":0,"beard_1":0,"tshirt_2":0,"pants_2":0,"torso_1":0}', 'unemployed', 0, '[]', '{"z":53.8,"x":2198.9,"y":5581.5}', 14000, 0, 'user', 'Abdullah', 'Nizamani', '2000-08-21', 'm', '200', '[{"name":"hunger","val":991700,"percent":99.17},{"name":"thirst","val":993775,"percent":99.3775}]', 0, '{"owns":false,"furniture":[],"houseId":0}', '{}', 0, 0, NULL, NULL),
	('steam:11000013bebd70f', 'license:a45c99f79651488e6a3207022666c92ef61e6add', 3200, '[BPG] MZI', '{"blemishes_2":0,"glasses_2":0,"bags_2":0,"bracelets_1":-1,"chain_2":0,"lipstick_2":0,"eyebrows_2":0,"shoes_1":0,"ears_2":0,"hair_2":0,"hair_color_2":0,"beard_1":0,"eyebrows_1":0,"lipstick_1":0,"chest_1":0,"makeup_4":0,"torso_2":0,"bproof_2":0,"sex":0,"helmet_1":-1,"skin":0,"pants_1":0,"face":0,"chest_2":0,"bodyb_1":0,"watches_1":-1,"mask_1":0,"bproof_1":0,"blush_1":0,"bags_1":0,"pants_2":0,"decals_1":0,"bracelets_2":0,"eye_color":0,"tshirt_1":0,"moles_2":0,"blemishes_1":0,"chain_1":0,"arms":0,"chest_3":0,"watches_2":0,"hair_color_1":0,"decals_2":0,"lipstick_4":0,"makeup_1":0,"ears_1":-1,"complexion_1":0,"sun_2":0,"blush_3":0,"moles_1":0,"arms_2":0,"bodyb_2":0,"glasses_1":0,"beard_3":0,"eyebrows_4":0,"makeup_2":0,"beard_2":0,"age_2":0,"blush_2":0,"sun_1":0,"beard_4":0,"lipstick_3":0,"hair_1":0,"helmet_2":0,"eyebrows_3":0,"age_1":0,"mask_2":0,"makeup_3":0,"shoes_2":0,"tshirt_2":0,"complexion_2":0,"torso_1":0}', 'police', 4, '[{"components":[],"name":"WEAPON_NIGHTSTICK","ammo":0,"label":"Nightstick"},{"components":[],"name":"WEAPON_HAMMER","ammo":0,"label":"Hammer"},{"components":[],"name":"WEAPON_BAT","ammo":0,"label":"Bat"},{"components":[],"name":"WEAPON_GOLFCLUB","ammo":0,"label":"Golf club"},{"components":[],"name":"WEAPON_CROWBAR","ammo":0,"label":"Crow bar"},{"components":["clip_default"],"name":"WEAPON_PISTOL","ammo":9999,"label":"Pistol"},{"components":["clip_default"],"name":"WEAPON_COMBATPISTOL","ammo":9999,"label":"Combat pistol"},{"components":["clip_default"],"name":"WEAPON_APPISTOL","ammo":9999,"label":"AP pistol"},{"components":["clip_default"],"name":"WEAPON_PISTOL50","ammo":9999,"label":"Pistol .50"},{"components":[],"name":"WEAPON_REVOLVER","ammo":9999,"label":"Heavy revolver"},{"components":["clip_default"],"name":"WEAPON_SNSPISTOL","ammo":9999,"label":"Sns pistol"},{"components":["clip_default"],"name":"WEAPON_HEAVYPISTOL","ammo":9999,"label":"Heavy pistol"},{"components":["clip_default"],"name":"WEAPON_VINTAGEPISTOL","ammo":9999,"label":"Vintage pistol"},{"components":["clip_default"],"name":"WEAPON_MICROSMG","ammo":9999,"label":"Micro SMG"},{"components":["clip_default"],"name":"WEAPON_SMG","ammo":9999,"label":"SMG"},{"components":["clip_default"],"name":"WEAPON_ASSAULTSMG","ammo":9999,"label":"Assault SMG"},{"components":["clip_default"],"name":"WEAPON_MINISMG","ammo":9999,"label":"Mini smg"},{"components":["clip_default"],"name":"WEAPON_MACHINEPISTOL","ammo":9999,"label":"Machine pistol"},{"components":["clip_default"],"name":"WEAPON_COMBATPDW","ammo":9999,"label":"Combat pdw"},{"components":[],"name":"WEAPON_PUMPSHOTGUN","ammo":9999,"label":"Pump shotgun"},{"components":[],"name":"WEAPON_SAWNOFFSHOTGUN","ammo":9999,"label":"Sawed off shotgun"},{"components":["clip_default"],"name":"WEAPON_ASSAULTSHOTGUN","ammo":9999,"label":"Assault shotgun"},{"components":[],"name":"WEAPON_BULLPUPSHOTGUN","ammo":9999,"label":"Bullpup shotgun"},{"components":["clip_default"],"name":"WEAPON_HEAVYSHOTGUN","ammo":9999,"label":"Heavy shotgun"},{"components":["clip_default"],"name":"WEAPON_CARBINERIFLE","ammo":423,"label":"Carbine rifle"},{"components":["clip_default"],"name":"WEAPON_ADVANCEDRIFLE","ammo":423,"label":"Advanced rifle"},{"components":["clip_default"],"name":"WEAPON_SPECIALCARBINE","ammo":423,"label":"Special carbine"},{"components":["clip_default"],"name":"WEAPON_BULLPUPRIFLE","ammo":423,"label":"Bullpup rifle"},{"components":["clip_default"],"name":"WEAPON_COMPACTRIFLE","ammo":423,"label":"Compact rifle"},{"components":["clip_default"],"name":"WEAPON_MG","ammo":9983,"label":"MG"},{"components":["clip_default"],"name":"WEAPON_COMBATMG","ammo":9983,"label":"Combat MG"},{"components":["clip_default"],"name":"WEAPON_GUSENBERG","ammo":9983,"label":"Gusenberg sweeper"},{"components":["scope"],"name":"WEAPON_SNIPERRIFLE","ammo":9921,"label":"Sniper rifle"},{"components":["scope_advanced"],"name":"WEAPON_HEAVYSNIPER","ammo":9921,"label":"Heavy sniper"},{"components":["clip_default","scope"],"name":"WEAPON_MARKSMANRIFLE","ammo":9921,"label":"Marksman rifle"},{"components":[],"name":"WEAPON_GRENADELAUNCHER","ammo":20,"label":"Grenade launcher"},{"components":[],"name":"WEAPON_RPG","ammo":20,"label":"Rocket launcher"},{"components":[],"name":"WEAPON_MINIGUN","ammo":9874,"label":"Minigun"},{"components":[],"name":"WEAPON_GRENADE","ammo":25,"label":"Grenade"},{"components":[],"name":"WEAPON_STICKYBOMB","ammo":25,"label":"Sticky bomb"},{"components":[],"name":"WEAPON_SMOKEGRENADE","ammo":25,"label":"Smoke grenade"},{"components":[],"name":"WEAPON_BZGAS","ammo":25,"label":"Bz gas"},{"components":[],"name":"WEAPON_MOLOTOV","ammo":25,"label":"Molotov cocktail"},{"components":[],"name":"WEAPON_FIREEXTINGUISHER","ammo":2000,"label":"Fire extinguisher"},{"components":[],"name":"WEAPON_PETROLCAN","ammo":4500,"label":"Jerrycan"},{"components":[],"name":"WEAPON_BALL","ammo":1,"label":"Ball"},{"components":[],"name":"WEAPON_BOTTLE","ammo":0,"label":"Bottle"},{"components":[],"name":"WEAPON_DAGGER","ammo":0,"label":"Dagger"},{"components":[],"name":"WEAPON_FIREWORK","ammo":16,"label":"Firework"},{"components":[],"name":"WEAPON_MUSKET","ammo":9999,"label":"Musket"},{"components":[],"name":"WEAPON_STUNGUN","ammo":9999,"label":"Taser"},{"components":[],"name":"WEAPON_HOMINGLAUNCHER","ammo":10,"label":"Homing launcher"},{"components":[],"name":"WEAPON_PROXMINE","ammo":5,"label":"Proximity mine"},{"components":[],"name":"WEAPON_SNOWBALL","ammo":10,"label":"Snow ball"},{"components":[],"name":"WEAPON_FLAREGUN","ammo":20,"label":"Flaregun"},{"components":[],"name":"WEAPON_MARKSMANPISTOL","ammo":9999,"label":"Marksman pistol"},{"components":[],"name":"WEAPON_KNUCKLE","ammo":0,"label":"Knuckledusters"},{"components":[],"name":"WEAPON_HATCHET","ammo":0,"label":"Hatchet"},{"components":[],"name":"WEAPON_RAILGUN","ammo":20,"label":"Railgun"},{"components":[],"name":"WEAPON_MACHETE","ammo":0,"label":"Machete"},{"components":[],"name":"WEAPON_SWITCHBLADE","ammo":0,"label":"Switchblade"},{"components":[],"name":"WEAPON_DBSHOTGUN","ammo":9999,"label":"Double barrel shotgun"},{"components":[],"name":"WEAPON_AUTOSHOTGUN","ammo":9999,"label":"Auto shotgun"},{"components":[],"name":"WEAPON_BATTLEAXE","ammo":0,"label":"Battle axe"},{"components":[],"name":"WEAPON_COMPACTLAUNCHER","ammo":20,"label":"Compact launcher"},{"components":[],"name":"WEAPON_PIPEBOMB","ammo":10,"label":"Pipe bomb"},{"components":[],"name":"WEAPON_POOLCUE","ammo":0,"label":"Pool cue"},{"components":[],"name":"WEAPON_WRENCH","ammo":0,"label":"Pipe wrench"},{"components":[],"name":"WEAPON_FLASHLIGHT","ammo":0,"label":"Flashlight"},{"components":[],"name":"WEAPON_FLARE","ammo":25,"label":"Flare gun"},{"components":[],"name":"WEAPON_DOUBLEACTION","ammo":9999,"label":"Double-Action Revolver"}]', '{"z":12.2,"x":-1623.8,"y":-962.8}', 34041, 0, 'superadmin', 'MZI', 'OP', '2005-19-19', 'm', '150', '[{"name":"hunger","val":498800,"percent":49.88},{"name":"thirst","val":499100,"percent":49.91}]', 1, '{"owns":false,"furniture":[],"houseId":0}', '{}', 0, 0, NULL, NULL),
	('steam:110000140ae1687', 'license:2b8848420a2be1f6b2af347dd77dec27aefbaf59', 700, 'Hussnain Op', '{"blemishes_2":0,"glasses_2":0,"bags_2":0,"bracelets_1":-1,"chain_2":0,"lipstick_2":0,"blush_3":0,"shoes_1":7,"blemishes_1":0,"glasses_1":0,"hair_color_2":15,"beard_1":4,"eyebrows_1":0,"lipstick_1":0,"chest_1":0,"makeup_4":0,"arms":11,"bproof_2":0,"sex":0,"helmet_1":-1,"skin":0,"chest_3":0,"face":0,"chest_2":0,"bodyb_1":0,"watches_1":-1,"mask_1":0,"bproof_1":0,"blush_1":0,"bags_1":0,"beard_3":0,"watches_2":0,"chain_1":0,"hair_2":5,"tshirt_1":15,"moles_2":0,"makeup_1":0,"sun_1":3,"eyebrows_2":0,"lipstick_3":0,"shoes_2":2,"pants_1":24,"decals_2":0,"torso_2":0,"makeup_3":0,"ears_1":-1,"complexion_1":0,"sun_2":0,"beard_4":0,"moles_1":0,"arms_2":0,"bodyb_2":0,"age_1":0,"hair_color_1":28,"lipstick_4":0,"makeup_2":0,"beard_2":0,"age_2":0,"blush_2":0,"bracelets_2":0,"decals_1":0,"ears_2":0,"helmet_2":0,"pants_2":0,"eyebrows_3":0,"eye_color":0,"mask_2":0,"complexion_2":0,"eyebrows_4":0,"tshirt_2":0,"hair_1":11,"torso_1":26}', 'unemployed', 0, '[]', '{"z":71.1,"x":-1437.5,"y":1966.4}', 14001, 0, 'user', 'Hussnain', 'Op', '2000-02-02', 'm', '140', '[{"name":"hunger","val":951300,"percent":95.13000000000001},{"name":"thirst","val":963475,"percent":96.3475}]', 0, '{"owns":false,"furniture":[],"houseId":0}', '{}', 0, 0, NULL, NULL),
	('steam:1100001435e9308', 'license:604c919368ecbfb0433ea976bf9f47fe844de178', 700, '', '{"blemishes_2":0,"glasses_2":6,"bags_2":0,"bracelets_1":-1,"chain_2":0,"lipstick_2":0,"blush_3":0,"shoes_1":10,"ears_2":0,"hair_2":0,"hair_color_2":0,"beard_1":3,"eyebrows_1":0,"beard_3":0,"chest_1":0,"makeup_4":0,"arms":1,"bproof_2":0,"sex":0,"helmet_1":-1,"skin":0,"chest_3":0,"face":0,"chest_2":0,"bodyb_1":0,"watches_1":-1,"mask_1":0,"bproof_1":0,"blush_1":0,"sun_1":0,"age_1":0,"makeup_1":0,"shoes_2":0,"blemishes_1":0,"tshirt_1":1,"moles_2":0,"complexion_1":0,"blush_2":0,"makeup_3":0,"decals_1":0,"lipstick_3":0,"watches_2":0,"decals_2":0,"pants_1":20,"complexion_2":0,"ears_1":-1,"glasses_1":5,"sun_2":0,"lipstick_1":0,"moles_1":0,"arms_2":0,"bodyb_2":0,"lipstick_4":0,"eyebrows_2":0,"eyebrows_4":0,"makeup_2":0,"beard_2":10,"age_2":0,"bracelets_2":0,"eye_color":0,"hair_color_1":28,"chain_1":0,"torso_2":0,"pants_2":0,"eyebrows_3":0,"bags_1":0,"mask_2":0,"hair_1":7,"beard_4":0,"tshirt_2":0,"helmet_2":0,"torso_1":20}', 'police', 4, '[{"components":[],"label":"Knife","ammo":0,"name":"WEAPON_KNIFE"},{"components":[],"label":"Nightstick","ammo":0,"name":"WEAPON_NIGHTSTICK"},{"components":["clip_default"],"label":"Pistol","ammo":100,"name":"WEAPON_PISTOL"},{"components":["clip_default"],"label":"Combat pdw","ammo":69,"name":"WEAPON_COMBATPDW"},{"components":[],"label":"Pump shotgun","ammo":100,"name":"WEAPON_PUMPSHOTGUN"},{"components":["clip_default"],"label":"Assault rifle","ammo":9603,"name":"WEAPON_ASSAULTRIFLE"},{"components":["clip_default"],"label":"Carbine rifle","ammo":9603,"name":"WEAPON_CARBINERIFLE"},{"components":["scope"],"label":"Sniper rifle","ammo":9806,"name":"WEAPON_SNIPERRIFLE"},{"components":[],"label":"Taser","ammo":400,"name":"WEAPON_STUNGUN"}]', '{"z":28.4,"x":454.6,"y":-1022.2}', 39602, 0, 'user', 'King', 'Khan', 'oct 2001', 'm', '150', '[{"name":"hunger","val":364900,"percent":36.49},{"name":"thirst","val":398675,"percent":39.8675}]', 0, '{"owns":false,"furniture":[],"houseId":0}', '{}', 0, 0, NULL, NULL);
/*!40000 ALTER TABLE `users` ENABLE KEYS */;

-- Dumping structure for table zap669487-1.user_accounts
CREATE TABLE IF NOT EXISTS `user_accounts` (
  `id` int(11) NOT NULL AUTO_INCREMENT,
  `identifier` varchar(22) NOT NULL,
  `name` varchar(50) NOT NULL,
  `money` double NOT NULL DEFAULT 0,
  PRIMARY KEY (`id`)
) ENGINE=InnoDB AUTO_INCREMENT=26 DEFAULT CHARSET=utf8mb4;

-- Dumping data for table zap669487-1.user_accounts: ~5 rows (approximately)
/*!40000 ALTER TABLE `user_accounts` DISABLE KEYS */;
INSERT INTO `user_accounts` (`id`, `identifier`, `name`, `money`) VALUES
	(21, 'steam:11000013bebd70f', 'black_money', 0),
	(22, 'steam:1100001435e9308', 'black_money', 0),
	(23, 'steam:110000133912c7d', 'black_money', 0),
	(24, 'steam:110000140ae1687', 'black_money', 0),
	(25, 'steam:11000013570ddfa', 'black_money', 0);
/*!40000 ALTER TABLE `user_accounts` ENABLE KEYS */;

-- Dumping structure for table zap669487-1.user_inventory
CREATE TABLE IF NOT EXISTS `user_inventory` (
  `id` int(11) NOT NULL AUTO_INCREMENT,
  `identifier` varchar(22) NOT NULL,
  `item` varchar(50) NOT NULL,
  `count` int(11) NOT NULL,
  PRIMARY KEY (`id`)
) ENGINE=InnoDB AUTO_INCREMENT=4348 DEFAULT CHARSET=utf8mb4;

-- Dumping data for table zap669487-1.user_inventory: ~2,264 rows (approximately)
/*!40000 ALTER TABLE `user_inventory` DISABLE KEYS */;
INSERT INTO `user_inventory` (`id`, `identifier`, `item`, `count`) VALUES
	(2001, 'steam:110000144df859b', 'disc_ammo_rifle', 0),
	(2002, 'steam:110000144df859b', 'cocaine_cut', 0),
	(2003, 'steam:110000144df859b', 'petrol', 0),
	(2004, 'steam:110000144df859b', 'acetone', 0),
	(2005, 'steam:110000144df859b', 'fishbait', 0),
	(2006, 'steam:110000144df859b', 'WEAPON_KNUCKLE', 0),
	(2007, 'steam:110000144df859b', 'alive_chicken', 0),
	(2008, 'steam:110000144df859b', 'copper', 0),
	(2009, 'steam:110000144df859b', 'deadbatteries', 0),
	(2010, 'steam:110000144df859b', 'WEAPON_MG', 0),
	(2011, 'steam:110000144df859b', 'WEAPON_RAILGUN', 0),
	(2012, 'steam:110000144df859b', 'WEAPON_SPECIALCARBINE', 0),
	(2013, 'steam:110000144df859b', 'brokenfishingrod', 0),
	(2014, 'steam:110000144df859b', 'bandage', 0),
	(2015, 'steam:110000144df859b', 'WEAPON_HEAVYPISTOL', 0),
	(2016, 'steam:110000144df859b', 'WEAPON_FIREEXTINGUISHER', 0),
	(2017, 'steam:110000144df859b', 'grip', 0),
	(2018, 'steam:110000144df859b', 'WEAPON_GARBAGEBAG', 0),
	(2019, 'steam:110000144df859b', 'id_card_f', 0),
	(2020, 'steam:110000144df859b', 'jewels', 0),
	(2021, 'steam:110000144df859b', 'supressor', 0),
	(2022, 'steam:110000144df859b', 'mouldybread', 0),
	(2023, 'steam:110000144df859b', 'washed_stone', 0),
	(2024, 'steam:110000144df859b', 'WEAPON_SNIPERRIFLE', 0),
	(2025, 'steam:110000144df859b', 'WEAPON_BAT', 0),
	(2026, 'steam:110000144df859b', 'wool', 0),
	(2027, 'steam:110000144df859b', 'morphine', 0),
	(2028, 'steam:110000144df859b', 'WEAPON_MACHETE', 0),
	(2029, 'steam:110000144df859b', 'WEAPON_SWITCHBLADE', 0),
	(2030, 'steam:110000144df859b', 'WEAPON_SNOWBALL', 0),
	(2031, 'steam:110000144df859b', 'WEAPON_MINIGUN', 0),
	(2032, 'steam:110000144df859b', 'WEAPON_BATTLEAXE', 0),
	(2033, 'steam:110000144df859b', 'wine', 0),
	(2034, 'steam:110000144df859b', 'vicodin', 0),
	(2035, 'steam:110000144df859b', 'whisky', 0),
	(2036, 'steam:110000144df859b', 'petrol_raffin', 0),
	(2037, 'steam:110000144df859b', 'weed_packaged', 0),
	(2038, 'steam:110000144df859b', 'WEAPON_WRENCH', 0),
	(2039, 'steam:110000144df859b', 'WEAPON_VINTAGEPISTOL', 0),
	(2040, 'steam:110000144df859b', 'oxygenmask', 0),
	(2041, 'steam:110000144df859b', 'WEAPON_BULLPUPSHOTGUN', 0),
	(2042, 'steam:110000144df859b', 'sorted_money', 0),
	(2043, 'steam:110000144df859b', 'WEAPON_STUNGUN', 0),
	(2044, 'steam:110000144df859b', 'carokit', 0),
	(2045, 'steam:110000144df859b', 'WEAPON_STINGER', 0),
	(2046, 'steam:110000144df859b', 'WEAPON_KNIFE', 0),
	(2047, 'steam:110000144df859b', 'medkit', 0),
	(2048, 'steam:110000144df859b', 'disc_ammo_smg', 0),
	(2049, 'steam:110000144df859b', 'WEAPON_SMOKEGRENADE', 0),
	(2050, 'steam:110000144df859b', 'disc_ammo_pistol', 0),
	(2051, 'steam:110000144df859b', 'WEAPON_CROWBAR', 0),
	(2052, 'steam:110000144df859b', 'WEAPON_SMG', 0),
	(2053, 'steam:110000144df859b', 'WEAPON_MUSKET', 0),
	(2054, 'steam:110000144df859b', 'WEAPON_SAWNOFFSHOTGUN', 0),
	(2055, 'steam:110000144df859b', 'wallet', 0),
	(2056, 'steam:110000144df859b', 'firstaid', 0),
	(2057, 'steam:110000144df859b', 'WEAPON_PROXMINE', 0),
	(2058, 'steam:110000144df859b', 'WEAPON_PUMPSHOTGUN', 0),
	(2059, 'steam:110000144df859b', 'silencer', 0),
	(2060, 'steam:110000144df859b', 'WEAPON_REVOLVER', 0),
	(2061, 'steam:110000144df859b', 'WEAPON_PISTOL', 0),
	(2062, 'steam:110000144df859b', 'WEAPON_PISTOL50', 0),
	(2063, 'steam:110000144df859b', 'WEAPON_MOLOTOV', 0),
	(2064, 'steam:110000144df859b', 'WEAPON_FLARE', 0),
	(2065, 'steam:110000144df859b', 'mgAmmo', 0),
	(2066, 'steam:110000144df859b', 'secure_card', 0),
	(2067, 'steam:110000144df859b', 'green_phone', 0),
	(2068, 'steam:110000144df859b', 'WEAPON_GRENADE', 0),
	(2069, 'steam:110000144df859b', 'WEAPON_MACHINEPISTOL', 0),
	(2070, 'steam:110000144df859b', 'WEAPON_HEAVYSHOTGUN', 0),
	(2071, 'steam:110000144df859b', 'WEAPON_AUTOSHOTGUN', 0),
	(2072, 'steam:110000144df859b', 'WEAPON_HOMINGLAUNCHER', 0),
	(2073, 'steam:110000144df859b', 'WEAPON_HATCHET', 0),
	(2074, 'steam:110000144df859b', 'oldshoe', 0),
	(2075, 'steam:110000144df859b', 'WEAPON_DAGGER', 0),
	(2076, 'steam:110000144df859b', 'disc_ammo_snp_large', 0),
	(2077, 'steam:110000144df859b', 'WEAPON_COMBATMG', 0),
	(2078, 'steam:110000144df859b', 'electronics', 0),
	(2079, 'steam:110000144df859b', 'firework', 0),
	(2080, 'steam:110000144df859b', 'lockpick', 0),
	(2081, 'steam:110000144df859b', 'WEAPON_GUSENBERG', 0),
	(2082, 'steam:110000144df859b', 'lithium', 0),
	(2083, 'steam:110000144df859b', 'WEAPON_ADVANCEDRIFLE', 0),
	(2084, 'steam:110000144df859b', 'WEAPON_MARKSMANPISTOL', 0),
	(2085, 'steam:110000144df859b', 'WEAPON_GOLFCLUB', 0),
	(2086, 'steam:110000144df859b', 'WEAPON_FLAREGUN', 0),
	(2087, 'steam:110000144df859b', 'defib', 0),
	(2088, 'steam:110000144df859b', 'WEAPON_MICROSMG', 0),
	(2089, 'steam:110000144df859b', 'WEAPON_DOUBLEACTION', 0),
	(2090, 'steam:110000144df859b', 'WEAPON_DIGISCANNER', 0),
	(2091, 'steam:110000144df859b', 'lowgradefemaleseed', 0),
	(2092, 'steam:110000144df859b', 'disc_ammo_rifle_large', 0),
	(2093, 'steam:110000144df859b', 'tirekit', 0),
	(2094, 'steam:110000144df859b', 'arAmmo', 0),
	(2095, 'steam:110000144df859b', 'oldring', 0),
	(2096, 'steam:110000144df859b', 'fish', 0),
	(2097, 'steam:110000144df859b', 'fabric', 0),
	(2098, 'steam:110000144df859b', 'WEAPON_DBSHOTGUN', 0),
	(2099, 'steam:110000144df859b', 'fixtool', 0),
	(2100, 'steam:110000144df859b', 'meth', 0),
	(2101, 'steam:110000144df859b', 'WEAPON_COMPACTRIFLE', 0),
	(2102, 'steam:110000144df859b', 'WEAPON_GRENADELAUNCHER', 0),
	(2103, 'steam:110000144df859b', 'plastic', 0),
	(2104, 'steam:110000144df859b', 'gold', 0),
	(2105, 'steam:110000144df859b', 'WEAPON_ASSAULTSMG', 0),
	(2106, 'steam:110000144df859b', 'WEAPON_COMBATPISTOL', 0),
	(2107, 'steam:110000144df859b', 'carotool', 0),
	(2108, 'steam:110000144df859b', 'shark', 0),
	(2109, 'steam:110000144df859b', 'skin', 0),
	(2110, 'steam:110000144df859b', 'wood', 0),
	(2111, 'steam:110000144df859b', 'disc_ammo_shotgun_large', 0),
	(2112, 'steam:110000144df859b', 'WEAPON_ASSAULTSHOTGUN', 0),
	(2113, 'steam:110000144df859b', 'water', 0),
	(2114, 'steam:110000144df859b', 'akskin', 0),
	(2115, 'steam:110000144df859b', 'WEAPON_ASSAULTRIFLE', 0),
	(2116, 'steam:110000144df859b', 'thermal_charge', 0),
	(2117, 'steam:110000144df859b', 'vehgps', 0),
	(2118, 'steam:110000144df859b', 'WEAPON_CARBINERIFLE', 0),
	(2119, 'steam:110000144df859b', 'WEAPON_BOTTLE', 0),
	(2120, 'steam:110000144df859b', 'drill', 0),
	(2121, 'steam:110000144df859b', 'sgAmmo', 0),
	(2122, 'steam:110000144df859b', 'slaughtered_chicken', 0),
	(2123, 'steam:110000144df859b', 'pAmmo', 0),
	(2124, 'steam:110000144df859b', 'repairkit', 0),
	(2125, 'steam:110000144df859b', 'fishingrod', 0),
	(2126, 'steam:110000144df859b', 'WEAPON_SNSPISTOL', 0),
	(2127, 'steam:110000144df859b', 'WEAPON_MARKSMANRIFLE', 0),
	(2128, 'steam:110000144df859b', 'expiredburger', 0),
	(2129, 'steam:110000144df859b', 'weakit', 0),
	(2130, 'steam:110000144df859b', 'essence', 0),
	(2131, 'steam:110000144df859b', 'diamond', 0),
	(2132, 'steam:110000144df859b', 'cut_money', 0),
	(2133, 'steam:110000144df859b', 'id_card', 0),
	(2134, 'steam:110000140ae1687', 'WEAPON_HEAVYSNIPER', 0),
	(2135, 'steam:110000140ae1687', 'disc_ammo_shotgun', 0),
	(2136, 'steam:110000140ae1687', 'WEAPON_PIPEBOMB', 0),
	(2137, 'steam:110000140ae1687', 'WEAPON_STICKYBOMB', 0),
	(2138, 'steam:110000140ae1687', 'WEAPON_PETROLCAN', 0),
	(2139, 'steam:110000140ae1687', 'WEAPON_RPG', 0),
	(2140, 'steam:110000140ae1687', 'WEAPON_BZGAS', 0),
	(2141, 'steam:110000140ae1687', 'WEAPON_MINISMG', 0),
	(2142, 'steam:110000140ae1687', 'WEAPON_FIREWORK', 0),
	(2143, 'steam:110000140ae1687', 'WEAPON_BULLPUPRIFLE', 0),
	(2144, 'steam:110000140ae1687', 'disc_ammo_pistol_large', 0),
	(2145, 'steam:110000140ae1687', 'WEAPON_NIGHTSTICK', 0),
	(2146, 'steam:110000140ae1687', 'WEAPON_APPISTOL', 0),
	(2147, 'steam:110000140ae1687', 'disc_ammo_snp', 0),
	(2148, 'steam:110000140ae1687', 'WEAPON_COMBATPDW', 0),
	(2149, 'steam:110000140ae1687', 'WEAPON_HANDCUFFS', 0),
	(2150, 'steam:110000140ae1687', 'WEAPON_BALL', 0),
	(2151, 'steam:110000140ae1687', 'WEAPON_FLASHLIGHT', 0),
	(2152, 'steam:110000140ae1687', 'scope', 0),
	(2153, 'steam:110000140ae1687', 'disc_ammo_smg_large', 0),
	(2154, 'steam:110000140ae1687', 'WEAPON_POOLCUE', 0),
	(2155, 'steam:110000140ae1687', 'WEAPON_COMPACTLAUNCHER', 0),
	(2156, 'steam:110000140ae1687', 'WEAPON_HAMMER', 0),
	(2157, 'steam:110000140ae1687', 'disc_ammo_rifle', 0),
	(2158, 'steam:110000140ae1687', 'WEAPON_KNUCKLE', 0),
	(2159, 'steam:110000140ae1687', 'WEAPON_MG', 0),
	(2160, 'steam:110000140ae1687', 'WEAPON_RAILGUN', 0),
	(2161, 'steam:110000140ae1687', 'WEAPON_SPECIALCARBINE', 0),
	(2162, 'steam:110000140ae1687', 'WEAPON_HEAVYPISTOL', 0),
	(2163, 'steam:110000140ae1687', 'WEAPON_FIREEXTINGUISHER', 0),
	(2164, 'steam:110000140ae1687', 'WEAPON_GARBAGEBAG', 0),
	(2165, 'steam:110000140ae1687', 'supressor', 0),
	(2166, 'steam:110000140ae1687', 'WEAPON_SNIPERRIFLE', 0),
	(2167, 'steam:110000140ae1687', 'WEAPON_BAT', 0),
	(2168, 'steam:110000140ae1687', 'WEAPON_MACHETE', 0),
	(2169, 'steam:110000140ae1687', 'WEAPON_SWITCHBLADE', 0),
	(2170, 'steam:110000140ae1687', 'WEAPON_SNOWBALL', 0),
	(2171, 'steam:110000140ae1687', 'WEAPON_MINIGUN', 0),
	(2172, 'steam:110000140ae1687', 'WEAPON_BATTLEAXE', 0),
	(2173, 'steam:110000140ae1687', 'WEAPON_WRENCH', 0),
	(2174, 'steam:110000140ae1687', 'WEAPON_VINTAGEPISTOL', 0),
	(2175, 'steam:110000140ae1687', 'WEAPON_BULLPUPSHOTGUN', 0),
	(2176, 'steam:110000140ae1687', 'WEAPON_STUNGUN', 0),
	(2177, 'steam:110000140ae1687', 'WEAPON_STINGER', 0),
	(2178, 'steam:110000140ae1687', 'WEAPON_KNIFE', 0),
	(2179, 'steam:110000140ae1687', 'disc_ammo_smg', 0),
	(2180, 'steam:110000140ae1687', 'WEAPON_SMOKEGRENADE', 0),
	(2181, 'steam:110000140ae1687', 'disc_ammo_pistol', 0),
	(2182, 'steam:110000140ae1687', 'WEAPON_CROWBAR', 0),
	(2183, 'steam:110000140ae1687', 'WEAPON_SMG', 0),
	(2184, 'steam:110000140ae1687', 'WEAPON_MUSKET', 0),
	(2185, 'steam:110000140ae1687', 'WEAPON_SAWNOFFSHOTGUN', 0),
	(2186, 'steam:110000140ae1687', 'WEAPON_PROXMINE', 0),
	(2187, 'steam:110000140ae1687', 'WEAPON_PUMPSHOTGUN', 0),
	(2188, 'steam:110000140ae1687', 'WEAPON_REVOLVER', 0),
	(2189, 'steam:110000140ae1687', 'WEAPON_PISTOL', 0),
	(2190, 'steam:110000140ae1687', 'WEAPON_PISTOL50', 0),
	(2191, 'steam:110000140ae1687', 'WEAPON_MOLOTOV', 0),
	(2192, 'steam:110000140ae1687', 'WEAPON_FLARE', 0),
	(2193, 'steam:110000140ae1687', 'WEAPON_GRENADE', 0),
	(2194, 'steam:110000140ae1687', 'WEAPON_MACHINEPISTOL', 0),
	(2195, 'steam:110000140ae1687', 'WEAPON_HEAVYSHOTGUN', 0),
	(2196, 'steam:110000140ae1687', 'WEAPON_AUTOSHOTGUN', 0),
	(2197, 'steam:110000140ae1687', 'WEAPON_HOMINGLAUNCHER', 0),
	(2198, 'steam:110000140ae1687', 'WEAPON_HATCHET', 0),
	(2199, 'steam:110000140ae1687', 'WEAPON_DAGGER', 0),
	(2200, 'steam:110000140ae1687', 'disc_ammo_snp_large', 0),
	(2201, 'steam:110000140ae1687', 'WEAPON_COMBATMG', 0),
	(2202, 'steam:110000140ae1687', 'WEAPON_GUSENBERG', 0),
	(2203, 'steam:110000140ae1687', 'WEAPON_ADVANCEDRIFLE', 0),
	(2204, 'steam:110000140ae1687', 'WEAPON_MARKSMANPISTOL', 0),
	(2205, 'steam:110000140ae1687', 'WEAPON_GOLFCLUB', 0),
	(2206, 'steam:110000140ae1687', 'WEAPON_FLAREGUN', 0),
	(2207, 'steam:110000140ae1687', 'WEAPON_MICROSMG', 0),
	(2208, 'steam:110000140ae1687', 'WEAPON_DOUBLEACTION', 0),
	(2209, 'steam:110000140ae1687', 'WEAPON_DIGISCANNER', 0),
	(2210, 'steam:110000140ae1687', 'disc_ammo_rifle_large', 0),
	(2211, 'steam:110000140ae1687', 'WEAPON_DBSHOTGUN', 0),
	(2212, 'steam:110000140ae1687', 'WEAPON_COMPACTRIFLE', 0),
	(2213, 'steam:110000140ae1687', 'WEAPON_GRENADELAUNCHER', 0),
	(2214, 'steam:110000140ae1687', 'WEAPON_ASSAULTSMG', 0),
	(2215, 'steam:110000140ae1687', 'WEAPON_COMBATPISTOL', 0),
	(2216, 'steam:110000140ae1687', 'skin', 0),
	(2217, 'steam:110000140ae1687', 'disc_ammo_shotgun_large', 0),
	(2218, 'steam:110000140ae1687', 'WEAPON_ASSAULTSHOTGUN', 0),
	(2219, 'steam:110000140ae1687', 'WEAPON_ASSAULTRIFLE', 0),
	(2220, 'steam:110000140ae1687', 'WEAPON_CARBINERIFLE', 0),
	(2221, 'steam:110000140ae1687', 'WEAPON_BOTTLE', 0),
	(2222, 'steam:110000140ae1687', 'WEAPON_SNSPISTOL', 0),
	(2223, 'steam:110000140ae1687', 'WEAPON_MARKSMANRIFLE', 0),
	(2224, 'steam:11000013bebd70f', 'sim', 0),
	(2225, 'steam:110000140ae1687', 'sim', 1),
	(2226, 'steam:110000140ae1687', 'phone', 0),
	(2227, 'steam:110000140ae1687', 'phone', 0),
	(2228, 'steam:11000013bebd70f', 'phone', 0),
	(2229, 'steam:11000014303991c', 'sim', 0),
	(2230, 'steam:11000014303991c', 'phone', 0),
	(2231, 'steam:11000013c114000', 'sim', 0),
	(2232, 'steam:11000013c114000', 'phone', 0),
	(2233, 'steam:1100001401d494e', 'WEAPON_COMBATMG', 0),
	(2234, 'steam:1100001401d494e', 'rubber', 0),
	(2235, 'steam:1100001401d494e', 'thermal_charge', 0),
	(2236, 'steam:1100001401d494e', 'carokit', 0),
	(2237, 'steam:1100001401d494e', 'WEAPON_ADVANCEDRIFLE', 0),
	(2238, 'steam:1100001401d494e', 'WEAPON_ASSAULTSMG', 0),
	(2239, 'steam:1100001401d494e', 'medkit', 0),
	(2240, 'steam:1100001401d494e', 'WEAPON_PISTOL', 0),
	(2241, 'steam:1100001401d494e', 'skin', 0),
	(2242, 'steam:1100001401d494e', 'WEAPON_STICKYBOMB', 0),
	(2243, 'steam:1100001401d494e', 'WEAPON_COMPACTLAUNCHER', 0),
	(2244, 'steam:1100001401d494e', 'disc_ammo_smg', 0),
	(2245, 'steam:1100001401d494e', 'lithium', 0),
	(2246, 'steam:1100001401d494e', 'water', 0),
	(2247, 'steam:1100001401d494e', 'weed_untrimmed', 0),
	(2248, 'steam:1100001401d494e', 'WEAPON_PETROLCAN', 0),
	(2249, 'steam:1100001401d494e', 'fishingrod', 0),
	(2250, 'steam:1100001401d494e', 'WEAPON_BULLPUPSHOTGUN', 0),
	(2251, 'steam:1100001401d494e', 'petrol_raffin', 0),
	(2252, 'steam:1100001401d494e', 'mgAmmo', 0),
	(2253, 'steam:1100001401d494e', 'flashlight', 0),
	(2254, 'steam:1100001401d494e', 'WEAPON_DOUBLEACTION', 0),
	(2255, 'steam:1100001401d494e', 'WEAPON_RAILGUN', 0),
	(2256, 'steam:1100001401d494e', 'gold', 0),
	(2257, 'steam:1100001401d494e', 'petrol', 0),
	(2258, 'steam:1100001401d494e', 'morphine', 0),
	(2259, 'steam:1100001401d494e', 'vicodin', 0),
	(2260, 'steam:1100001401d494e', 'vodka', 0),
	(2261, 'steam:1100001401d494e', 'WEAPON_VINTAGEPISTOL', 0),
	(2262, 'steam:1100001401d494e', 'fixtool', 0),
	(2263, 'steam:1100001401d494e', 'drill', 0),
	(2264, 'steam:1100001401d494e', 'handcuffs', 0),
	(2265, 'steam:1100001401d494e', 'fish', 0),
	(2266, 'steam:1100001401d494e', 'WEAPON_STUNGUN', 0),
	(2267, 'steam:1100001401d494e', 'pendrive', 0),
	(2268, 'steam:1100001401d494e', 'disc_ammo_snp', 0),
	(2269, 'steam:1100001401d494e', 'WEAPON_CROWBAR', 0),
	(2270, 'steam:1100001401d494e', 'acetone', 0),
	(2271, 'steam:1100001401d494e', 'cocaine_uncut', 0),
	(2272, 'steam:1100001401d494e', 'packaged_chicken', 0),
	(2273, 'steam:1100001401d494e', 'WEAPON_GOLFCLUB', 0),
	(2274, 'steam:1100001401d494e', 'WEAPON_GRENADELAUNCHER', 0),
	(2275, 'steam:1100001401d494e', 'advancedlockpick', 0),
	(2276, 'steam:1100001401d494e', 'WEAPON_CARBINERIFLE', 0),
	(2277, 'steam:1100001401d494e', 'disc_ammo_pistol', 0),
	(2278, 'steam:1100001401d494e', 'tirekit', 0),
	(2279, 'steam:1100001401d494e', 'WEAPON_SNOWBALL', 0),
	(2280, 'steam:1100001401d494e', 'phone', 0),
	(2281, 'steam:1100001401d494e', 'washed_stone', 0),
	(2282, 'steam:1100001401d494e', 'disc_ammo_shotgun', 0),
	(2283, 'steam:1100001401d494e', 'WEAPON_NIGHTSTICK', 0),
	(2284, 'steam:1100001401d494e', 'cocaine_packaged', 0),
	(2285, 'steam:1100001401d494e', 'WEAPON_MARKSMANPISTOL', 0),
	(2286, 'steam:1100001401d494e', 'WEAPON_MINIGUN', 0),
	(2287, 'steam:1100001401d494e', 'silencer', 0),
	(2288, 'steam:1100001401d494e', 'hydrocodone', 0),
	(2289, 'steam:1100001401d494e', 'WEAPON_APPISTOL', 0),
	(2290, 'steam:1100001401d494e', 'expiredburger', 0),
	(2291, 'steam:1100001401d494e', 'supressor', 0),
	(2292, 'steam:1100001401d494e', 'firework', 0),
	(2293, 'steam:1100001401d494e', 'firstaid', 0),
	(2294, 'steam:1100001401d494e', 'WEAPON_DIGISCANNER', 0),
	(2295, 'steam:1100001401d494e', 'WEAPON_HEAVYPISTOL', 0),
	(2296, 'steam:1100001401d494e', 'defib', 0),
	(2297, 'steam:1100001401d494e', 'gold_bar', 0),
	(2298, 'steam:1100001401d494e', 'arAmmo', 0),
	(2299, 'steam:1100001401d494e', 'wool', 0),
	(2300, 'steam:1100001401d494e', 'WEAPON_HEAVYSNIPER', 0),
	(2301, 'steam:1100001401d494e', 'akskin', 0),
	(2302, 'steam:1100001401d494e', 'copper', 0),
	(2303, 'steam:1100001401d494e', 'fabric', 0),
	(2304, 'steam:1100001401d494e', 'wood', 0),
	(2305, 'steam:1100001401d494e', 'laptop_h', 0),
	(2306, 'steam:1100001401d494e', 'white_phone', 0),
	(2307, 'steam:1100001401d494e', 'whisky', 0),
	(2308, 'steam:1100001401d494e', 'WEAPON_SNSPISTOL', 0),
	(2309, 'steam:1100001401d494e', 'carotool', 0),
	(2310, 'steam:1100001401d494e', 'WEAPON_AUTOSHOTGUN', 0),
	(2311, 'steam:1100001401d494e', 'fishbait', 0),
	(2312, 'steam:1100001401d494e', 'WEAPON_WRENCH', 0),
	(2313, 'steam:1100001401d494e', 'WEAPON_SWITCHBLADE', 0),
	(2314, 'steam:1100001401d494e', 'WEAPON_STINGER', 0),
	(2315, 'steam:1100001401d494e', 'WEAPON_SPECIALCARBINE', 0),
	(2316, 'steam:1100001401d494e', 'slaughtered_chicken', 0),
	(2317, 'steam:1100001401d494e', 'weed_packaged', 0),
	(2318, 'steam:1100001401d494e', 'lockpick', 0),
	(2319, 'steam:1100001401d494e', 'WEAPON_SNIPERRIFLE', 0),
	(2320, 'steam:1100001401d494e', 'wallet', 0),
	(2321, 'steam:1100001401d494e', 'gazbottle', 0),
	(2322, 'steam:1100001401d494e', 'WEAPON_HATCHET', 0),
	(2323, 'steam:1100001401d494e', 'oxygenmask', 0),
	(2324, 'steam:1100001401d494e', 'WEAPON_GARBAGEBAG', 0),
	(2325, 'steam:1100001401d494e', 'WEAPON_SAWNOFFSHOTGUN', 0),
	(2326, 'steam:1100001401d494e', 'shark', 0),
	(2327, 'steam:1100001401d494e', 'WEAPON_RPG', 0),
	(2328, 'steam:1100001401d494e', 'WEAPON_MARKSMANRIFLE', 0),
	(2329, 'steam:1100001401d494e', 'WEAPON_HANDCUFFS', 0),
	(2330, 'steam:1100001401d494e', 'id_card_f', 0),
	(2331, 'steam:1100001401d494e', 'green_phone', 0),
	(2332, 'steam:1100001401d494e', 'WEAPON_PROXMINE', 0),
	(2333, 'steam:1100001401d494e', 'WEAPON_POOLCUE', 0),
	(2334, 'steam:1100001401d494e', 'turtle', 0),
	(2335, 'steam:1100001401d494e', 'WEAPON_PISTOL50', 0),
	(2336, 'steam:1100001401d494e', 'WEAPON_BULLPUPRIFLE', 0),
	(2337, 'steam:1100001401d494e', 'sgAmmo', 0),
	(2338, 'steam:1100001401d494e', 'meth', 0),
	(2339, 'steam:1100001401d494e', 'WEAPON_MOLOTOV', 0),
	(2340, 'steam:1100001401d494e', 'WEAPON_ASSAULTRIFLE', 0),
	(2341, 'steam:1100001401d494e', 'WEAPON_MINISMG', 0),
	(2342, 'steam:1100001401d494e', 'WEAPON_HEAVYSHOTGUN', 0),
	(2343, 'steam:1100001401d494e', 'lowgradefemaleseed', 0),
	(2344, 'steam:1100001401d494e', 'WEAPON_MG', 0),
	(2345, 'steam:1100001401d494e', 'WEAPON_REVOLVER', 0),
	(2346, 'steam:1100001401d494e', 'WEAPON_FLAREGUN', 0),
	(2347, 'steam:1100001401d494e', 'WEAPON_SMOKEGRENADE', 0),
	(2348, 'steam:1100001401d494e', 'WEAPON_MACHETE', 0),
	(2349, 'steam:1100001401d494e', 'WEAPON_KNUCKLE', 0),
	(2350, 'steam:1100001401d494e', 'secure_card', 0),
	(2351, 'steam:1100001401d494e', 'WEAPON_BATTLEAXE', 0),
	(2352, 'steam:1100001401d494e', 'methlab', 0),
	(2353, 'steam:1100001401d494e', 'deadbatteries', 0),
	(2354, 'steam:1100001401d494e', 'meth_packaged', 0),
	(2355, 'steam:1100001401d494e', 'WEAPON_KNIFE', 0),
	(2356, 'steam:1100001401d494e', 'WEAPON_HOMINGLAUNCHER', 0),
	(2357, 'steam:1100001401d494e', 'packaged_plank', 0),
	(2358, 'steam:1100001401d494e', 'disc_ammo_rifle_large', 0),
	(2359, 'steam:1100001401d494e', 'glassbottle', 0),
	(2360, 'steam:1100001401d494e', 'cut_money', 0),
	(2361, 'steam:1100001401d494e', 'WEAPON_MICROSMG', 0),
	(2362, 'steam:1100001401d494e', 'WEAPON_ASSAULTSHOTGUN', 0),
	(2363, 'steam:1100001401d494e', 'disc_ammo_shotgun_large', 0),
	(2364, 'steam:1100001401d494e', 'WEAPON_SMG', 0),
	(2365, 'steam:1100001401d494e', 'WEAPON_HAMMER', 0),
	(2366, 'steam:1100001401d494e', 'weakit', 0),
	(2367, 'steam:1100001401d494e', 'plastic', 0),
	(2368, 'steam:1100001401d494e', 'WEAPON_GRENADE', 0),
	(2369, 'steam:1100001401d494e', 'diamond', 0),
	(2370, 'steam:1100001401d494e', 'WEAPON_FLASHLIGHT', 0),
	(2371, 'steam:1100001401d494e', 'WEAPON_FLARE', 0),
	(2372, 'steam:1100001401d494e', 'WEAPON_BAT', 0),
	(2373, 'steam:1100001401d494e', 'WEAPON_FIREEXTINGUISHER', 0),
	(2374, 'steam:1100001401d494e', 'sim', 0),
	(2375, 'steam:1100001401d494e', 'bandage', 0),
	(2376, 'steam:1100001401d494e', 'WEAPON_DBSHOTGUN', 0),
	(2377, 'steam:1100001401d494e', 'WEAPON_DAGGER', 0),
	(2378, 'steam:1100001401d494e', 'repairkit', 6),
	(2379, 'steam:1100001401d494e', 'pAmmo', 0),
	(2380, 'steam:1100001401d494e', 'WEAPON_BALL', 0),
	(2381, 'steam:1100001401d494e', 'sorted_money', 0),
	(2382, 'steam:1100001401d494e', 'WEAPON_COMPACTRIFLE', 0),
	(2383, 'steam:1100001401d494e', 'WEAPON_PUMPSHOTGUN', 0),
	(2384, 'steam:1100001401d494e', 'WEAPON_COMBATPISTOL', 0),
	(2385, 'steam:1100001401d494e', 'WEAPON_COMBATPDW', 0),
	(2386, 'steam:1100001401d494e', 'disc_ammo_rifle', 0),
	(2387, 'steam:1100001401d494e', 'alive_chicken', 0),
	(2388, 'steam:1100001401d494e', 'scope', 0),
	(2389, 'steam:1100001401d494e', 'meth_raw', 0),
	(2390, 'steam:1100001401d494e', 'iron', 0),
	(2391, 'steam:1100001401d494e', 'WEAPON_BZGAS', 0),
	(2392, 'steam:1100001401d494e', 'WEAPON_PIPEBOMB', 0),
	(2393, 'steam:1100001401d494e', 'WEAPON_BOTTLE', 0),
	(2394, 'steam:1100001401d494e', 'mouldybread', 0),
	(2395, 'steam:1100001401d494e', 'medikit', 0),
	(2396, 'steam:1100001401d494e', 'electronics', 0),
	(2397, 'steam:1100001401d494e', 'dia_box', 0),
	(2398, 'steam:1100001401d494e', 'WEAPON_FIREWORK', 0),
	(2399, 'steam:1100001401d494e', 'HeavyArmor', 0),
	(2400, 'steam:1100001401d494e', 'wine', 0),
	(2401, 'steam:1100001401d494e', 'cocaine_cut', 0),
	(2402, 'steam:1100001401d494e', 'jewels', 0),
	(2403, 'steam:1100001401d494e', 'stone', 0),
	(2404, 'steam:1100001401d494e', 'grip', 0),
	(2405, 'steam:1100001401d494e', 'WEAPON_GUSENBERG', 0),
	(2406, 'steam:1100001401d494e', 'WEAPON_MACHINEPISTOL', 0),
	(2407, 'steam:1100001401d494e', 'disc_ammo_smg_large', 0),
	(2408, 'steam:1100001401d494e', 'bread', 0),
	(2409, 'steam:1100001401d494e', 'blowpipe', 0),
	(2410, 'steam:1100001401d494e', 'oldshoe', 0),
	(2411, 'steam:1100001401d494e', 'blue_phone', 1),
	(2412, 'steam:1100001401d494e', 'vehgps', 0),
	(2413, 'steam:1100001401d494e', 'bag', 0),
	(2414, 'steam:1100001401d494e', 'fixkit', 0),
	(2415, 'steam:1100001401d494e', 'essence', 0),
	(2416, 'steam:1100001401d494e', 'oldring', 0),
	(2417, 'steam:1100001401d494e', 'disc_ammo_pistol_large', 0),
	(2418, 'steam:1100001401d494e', 'disc_ammo_snp_large', 0),
	(2419, 'steam:1100001401d494e', 'id_card', 0),
	(2420, 'steam:1100001401d494e', 'WEAPON_MUSKET', 0),
	(2421, 'steam:1100001401d494e', 'turtlebait', 0),
	(2422, 'steam:1100001401d494e', 'marijuana', 0),
	(2423, 'steam:1100001401d494e', 'lowgrademaleseed', 0),
	(2424, 'steam:1100001401d494e', 'brokenfishingrod', 0),
	(2425, 'steam:1100001430f0700', 'WEAPON_PISTOL', 0),
	(2426, 'steam:1100001430f0700', 'WEAPON_SMOKEGRENADE', 0),
	(2427, 'steam:1100001430f0700', 'WEAPON_MINIGUN', 0),
	(2428, 'steam:1100001430f0700', 'disc_ammo_pistol_large', 0),
	(2429, 'steam:1100001430f0700', 'skin', 0),
	(2430, 'steam:1100001430f0700', 'WEAPON_PUMPSHOTGUN', 0),
	(2431, 'steam:1100001430f0700', 'WEAPON_KNUCKLE', 0),
	(2432, 'steam:1100001430f0700', 'disc_ammo_snp_large', 0),
	(2433, 'steam:1100001430f0700', 'WEAPON_ASSAULTRIFLE', 0),
	(2434, 'steam:1100001430f0700', 'WEAPON_FLAREGUN', 0),
	(2435, 'steam:1100001430f0700', 'WEAPON_COMPACTRIFLE', 0),
	(2436, 'steam:1100001430f0700', 'disc_ammo_rifle', 0),
	(2437, 'steam:1100001430f0700', 'WEAPON_CROWBAR', 0),
	(2438, 'steam:1100001430f0700', 'WEAPON_GARBAGEBAG', 0),
	(2439, 'steam:1100001430f0700', 'WEAPON_GRENADE', 0),
	(2440, 'steam:1100001430f0700', 'WEAPON_WRENCH', 0),
	(2441, 'steam:1100001430f0700', 'disc_ammo_snp', 0),
	(2442, 'steam:1100001430f0700', 'WEAPON_SWITCHBLADE', 0),
	(2443, 'steam:1100001430f0700', 'disc_ammo_smg', 0),
	(2444, 'steam:1100001430f0700', 'WEAPON_DIGISCANNER', 0),
	(2445, 'steam:1100001430f0700', 'WEAPON_MACHINEPISTOL', 0),
	(2446, 'steam:1100001430f0700', 'WEAPON_FIREEXTINGUISHER', 0),
	(2447, 'steam:1100001430f0700', 'WEAPON_BULLPUPSHOTGUN', 0),
	(2448, 'steam:1100001430f0700', 'WEAPON_GOLFCLUB', 0),
	(2449, 'steam:1100001430f0700', 'WEAPON_MACHETE', 0),
	(2450, 'steam:1100001430f0700', 'WEAPON_APPISTOL', 0),
	(2451, 'steam:1100001430f0700', 'WEAPON_MARKSMANPISTOL', 0),
	(2452, 'steam:1100001430f0700', 'WEAPON_RAILGUN', 0),
	(2453, 'steam:1100001430f0700', 'WEAPON_BALL', 0),
	(2454, 'steam:1100001430f0700', 'WEAPON_FLASHLIGHT', 0),
	(2455, 'steam:1100001430f0700', 'sim', 0),
	(2456, 'steam:1100001430f0700', 'WEAPON_COMBATPDW', 0),
	(2457, 'steam:1100001430f0700', 'WEAPON_COMPACTLAUNCHER', 0),
	(2458, 'steam:1100001430f0700', 'disc_ammo_rifle_large', 0),
	(2459, 'steam:1100001430f0700', 'WEAPON_PETROLCAN', 0),
	(2460, 'steam:1100001430f0700', 'WEAPON_KNIFE', 0),
	(2461, 'steam:1100001430f0700', 'WEAPON_VINTAGEPISTOL', 0),
	(2462, 'steam:1100001430f0700', 'WEAPON_STUNGUN', 0),
	(2463, 'steam:1100001430f0700', 'WEAPON_AUTOSHOTGUN', 0),
	(2464, 'steam:1100001430f0700', 'WEAPON_STICKYBOMB', 0),
	(2465, 'steam:1100001430f0700', 'WEAPON_SNSPISTOL', 0),
	(2466, 'steam:1100001430f0700', 'WEAPON_SNOWBALL', 0),
	(2467, 'steam:1100001430f0700', 'WEAPON_SNIPERRIFLE', 0),
	(2468, 'steam:1100001430f0700', 'WEAPON_SMG', 0),
	(2469, 'steam:1100001430f0700', 'WEAPON_SAWNOFFSHOTGUN', 0),
	(2470, 'steam:1100001430f0700', 'phone', 0),
	(2471, 'steam:1100001430f0700', 'WEAPON_BAT', 0),
	(2472, 'steam:1100001430f0700', 'WEAPON_RPG', 0),
	(2473, 'steam:1100001430f0700', 'WEAPON_REVOLVER', 0),
	(2474, 'steam:1100001430f0700', 'WEAPON_PROXMINE', 0),
	(2475, 'steam:1100001430f0700', 'WEAPON_GUSENBERG', 0),
	(2476, 'steam:1100001430f0700', 'WEAPON_PISTOL50', 0),
	(2477, 'steam:1100001430f0700', 'WEAPON_PIPEBOMB', 0),
	(2478, 'steam:1100001430f0700', 'WEAPON_NIGHTSTICK', 0),
	(2479, 'steam:1100001430f0700', 'WEAPON_BATTLEAXE', 0),
	(2480, 'steam:1100001430f0700', 'WEAPON_MUSKET', 0),
	(2481, 'steam:1100001430f0700', 'WEAPON_DBSHOTGUN', 0),
	(2482, 'steam:1100001430f0700', 'WEAPON_BZGAS', 0),
	(2483, 'steam:1100001430f0700', 'disc_ammo_smg_large', 0),
	(2484, 'steam:1100001430f0700', 'WEAPON_POOLCUE', 0),
	(2485, 'steam:1100001430f0700', 'WEAPON_MG', 0),
	(2486, 'steam:1100001430f0700', 'disc_ammo_pistol', 0),
	(2487, 'steam:1100001430f0700', 'WEAPON_MARKSMANRIFLE', 0),
	(2488, 'steam:1100001430f0700', 'WEAPON_HOMINGLAUNCHER', 0),
	(2489, 'steam:1100001430f0700', 'WEAPON_GRENADELAUNCHER', 0),
	(2490, 'steam:1100001430f0700', 'WEAPON_HEAVYPISTOL', 0),
	(2491, 'steam:1100001430f0700', 'WEAPON_HATCHET', 0),
	(2492, 'steam:1100001430f0700', 'WEAPON_BOTTLE', 0),
	(2493, 'steam:1100001430f0700', 'WEAPON_HANDCUFFS', 0),
	(2494, 'steam:1100001430f0700', 'WEAPON_HAMMER', 0),
	(2495, 'steam:1100001430f0700', 'WEAPON_MICROSMG', 0),
	(2496, 'steam:1100001430f0700', 'WEAPON_HEAVYSHOTGUN', 0),
	(2497, 'steam:1100001430f0700', 'WEAPON_MOLOTOV', 0),
	(2498, 'steam:1100001430f0700', 'WEAPON_FLARE', 0),
	(2499, 'steam:1100001430f0700', 'WEAPON_FIREWORK', 0),
	(2500, 'steam:1100001430f0700', 'WEAPON_DOUBLEACTION', 0),
	(2501, 'steam:1100001430f0700', 'WEAPON_DAGGER', 0),
	(2502, 'steam:1100001430f0700', 'WEAPON_CARBINERIFLE', 0),
	(2503, 'steam:1100001430f0700', 'disc_ammo_shotgun', 0),
	(2504, 'steam:1100001430f0700', 'WEAPON_STINGER', 0),
	(2505, 'steam:1100001430f0700', 'WEAPON_COMBATPISTOL', 0),
	(2506, 'steam:1100001430f0700', 'WEAPON_HEAVYSNIPER', 0),
	(2507, 'steam:1100001430f0700', 'WEAPON_SPECIALCARBINE', 0),
	(2508, 'steam:1100001430f0700', 'WEAPON_ADVANCEDRIFLE', 0),
	(2509, 'steam:1100001430f0700', 'WEAPON_ASSAULTSMG', 0),
	(2510, 'steam:1100001430f0700', 'WEAPON_ASSAULTSHOTGUN', 0),
	(2511, 'steam:1100001430f0700', 'disc_ammo_shotgun_large', 0),
	(2512, 'steam:1100001430f0700', 'WEAPON_BULLPUPRIFLE', 0),
	(2513, 'steam:1100001430f0700', 'WEAPON_COMBATMG', 0),
	(2514, 'steam:1100001430f0700', 'scope', 0),
	(2515, 'steam:1100001430f0700', 'WEAPON_MINISMG', 0),
	(2516, 'steam:1100001430f0700', 'supressor', 0),
	(2517, 'steam:110000106e62a8a', 'WEAPON_DOUBLEACTION', 0),
	(2518, 'steam:110000106e62a8a', 'WEAPON_SWITCHBLADE', 0),
	(2519, 'steam:110000106e62a8a', 'WEAPON_SPECIALCARBINE', 0),
	(2520, 'steam:110000106e62a8a', 'WEAPON_NIGHTSTICK', 0),
	(2521, 'steam:110000106e62a8a', 'WEAPON_HOMINGLAUNCHER', 0),
	(2522, 'steam:110000106e62a8a', 'disc_ammo_rifle_large', 0),
	(2523, 'steam:110000106e62a8a', 'disc_ammo_smg_large', 0),
	(2524, 'steam:110000106e62a8a', 'WEAPON_SMG', 0),
	(2525, 'steam:110000106e62a8a', 'blowpipe', 0),
	(2526, 'steam:110000106e62a8a', 'phone', 0),
	(2527, 'steam:110000106e62a8a', 'WEAPON_PUMPSHOTGUN', 0),
	(2528, 'steam:110000106e62a8a', 'WEAPON_PROXMINE', 0),
	(2529, 'steam:110000106e62a8a', 'WEAPON_ASSAULTSHOTGUN', 0),
	(2530, 'steam:110000106e62a8a', 'carokit', 0),
	(2531, 'steam:110000106e62a8a', 'WEAPON_COMPACTLAUNCHER', 0),
	(2532, 'steam:110000106e62a8a', 'WEAPON_MOLOTOV', 0),
	(2533, 'steam:110000106e62a8a', 'disc_ammo_pistol_large', 0),
	(2534, 'steam:110000106e62a8a', 'WEAPON_MACHINEPISTOL', 0),
	(2535, 'steam:110000106e62a8a', 'WEAPON_MARKSMANRIFLE', 0),
	(2536, 'steam:110000106e62a8a', 'WEAPON_GRENADELAUNCHER', 0),
	(2537, 'steam:110000106e62a8a', 'WEAPON_RAILGUN', 0),
	(2538, 'steam:110000106e62a8a', 'disc_ammo_shotgun', 0),
	(2539, 'steam:110000106e62a8a', 'disc_ammo_snp', 0),
	(2540, 'steam:110000106e62a8a', 'WEAPON_MG', 0),
	(2541, 'steam:110000106e62a8a', 'WEAPON_ASSAULTRIFLE', 0),
	(2542, 'steam:110000106e62a8a', 'supressor', 0),
	(2543, 'steam:110000106e62a8a', 'WEAPON_RPG', 0),
	(2544, 'steam:110000106e62a8a', 'WEAPON_POOLCUE', 0),
	(2545, 'steam:110000106e62a8a', 'WEAPON_STUNGUN', 0),
	(2546, 'steam:110000106e62a8a', 'WEAPON_SNOWBALL', 0),
	(2547, 'steam:110000106e62a8a', 'WEAPON_DIGISCANNER', 0),
	(2548, 'steam:110000106e62a8a', 'WEAPON_BATTLEAXE', 0),
	(2549, 'steam:110000106e62a8a', 'WEAPON_KNIFE', 0),
	(2550, 'steam:110000106e62a8a', 'disc_ammo_rifle', 0),
	(2551, 'steam:110000106e62a8a', 'WEAPON_PISTOL', 0),
	(2552, 'steam:110000106e62a8a', 'WEAPON_SAWNOFFSHOTGUN', 0),
	(2553, 'steam:110000106e62a8a', 'WEAPON_HAMMER', 0),
	(2554, 'steam:110000106e62a8a', 'WEAPON_ADVANCEDRIFLE', 0),
	(2555, 'steam:110000106e62a8a', 'WEAPON_GARBAGEBAG', 0),
	(2556, 'steam:110000106e62a8a', 'WEAPON_HANDCUFFS', 0),
	(2557, 'steam:110000106e62a8a', 'WEAPON_WRENCH', 0),
	(2558, 'steam:110000106e62a8a', 'WEAPON_VINTAGEPISTOL', 0),
	(2559, 'steam:110000106e62a8a', 'WEAPON_GUSENBERG', 0),
	(2560, 'steam:110000106e62a8a', 'WEAPON_SNSPISTOL', 0),
	(2561, 'steam:110000106e62a8a', 'WEAPON_SNIPERRIFLE', 0),
	(2562, 'steam:110000106e62a8a', 'WEAPON_SMOKEGRENADE', 0),
	(2563, 'steam:110000106e62a8a', 'WEAPON_PISTOL50', 0),
	(2564, 'steam:110000106e62a8a', 'WEAPON_PIPEBOMB', 0),
	(2565, 'steam:110000106e62a8a', 'WEAPON_PETROLCAN', 0),
	(2566, 'steam:110000106e62a8a', 'WEAPON_CARBINERIFLE', 0),
	(2567, 'steam:110000106e62a8a', 'scope', 0),
	(2568, 'steam:110000106e62a8a', 'WEAPON_MINISMG', 0),
	(2569, 'steam:110000106e62a8a', 'WEAPON_MINIGUN', 0),
	(2570, 'steam:110000106e62a8a', 'WEAPON_MICROSMG', 0),
	(2571, 'steam:110000106e62a8a', 'WEAPON_HEAVYPISTOL', 0),
	(2572, 'steam:110000106e62a8a', 'WEAPON_MACHETE', 0),
	(2573, 'steam:110000106e62a8a', 'WEAPON_HEAVYSHOTGUN', 0),
	(2574, 'steam:110000106e62a8a', 'WEAPON_HEAVYSNIPER', 0),
	(2575, 'steam:110000106e62a8a', 'WEAPON_KNUCKLE', 0),
	(2576, 'steam:110000106e62a8a', 'WEAPON_DBSHOTGUN', 0),
	(2577, 'steam:110000106e62a8a', 'WEAPON_MARKSMANPISTOL', 0),
	(2578, 'steam:110000106e62a8a', 'WEAPON_COMBATPDW', 0),
	(2579, 'steam:110000106e62a8a', 'disc_ammo_snp_large', 0),
	(2580, 'steam:110000106e62a8a', 'skin', 0),
	(2581, 'steam:110000106e62a8a', 'WEAPON_STICKYBOMB', 0),
	(2582, 'steam:110000106e62a8a', 'sim', 0),
	(2583, 'steam:110000106e62a8a', 'WEAPON_DAGGER', 0),
	(2584, 'steam:110000106e62a8a', 'WEAPON_GOLFCLUB', 0),
	(2585, 'steam:110000106e62a8a', 'WEAPON_BALL', 0),
	(2586, 'steam:110000106e62a8a', 'WEAPON_FLAREGUN', 0),
	(2587, 'steam:110000106e62a8a', 'WEAPON_FLARE', 0),
	(2588, 'steam:110000106e62a8a', 'WEAPON_FIREWORK', 0),
	(2589, 'steam:110000106e62a8a', 'carotool', 0),
	(2590, 'steam:110000106e62a8a', 'WEAPON_GRENADE', 0),
	(2591, 'steam:110000106e62a8a', 'WEAPON_COMPACTRIFLE', 0),
	(2592, 'steam:110000106e62a8a', 'WEAPON_COMBATPISTOL', 0),
	(2593, 'steam:110000106e62a8a', 'WEAPON_CROWBAR', 0),
	(2594, 'steam:110000106e62a8a', 'WEAPON_COMBATMG', 0),
	(2595, 'steam:110000106e62a8a', 'WEAPON_BZGAS', 0),
	(2596, 'steam:110000106e62a8a', 'disc_ammo_pistol', 0),
	(2597, 'steam:110000106e62a8a', 'WEAPON_BULLPUPSHOTGUN', 0),
	(2598, 'steam:110000106e62a8a', 'WEAPON_BAT', 0),
	(2599, 'steam:110000106e62a8a', 'WEAPON_BULLPUPRIFLE', 0),
	(2600, 'steam:110000106e62a8a', 'WEAPON_FLASHLIGHT', 0),
	(2601, 'steam:110000106e62a8a', 'WEAPON_AUTOSHOTGUN', 0),
	(2602, 'steam:110000106e62a8a', 'WEAPON_ASSAULTSMG', 0),
	(2603, 'steam:110000106e62a8a', 'WEAPON_MUSKET', 0),
	(2604, 'steam:110000106e62a8a', 'disc_ammo_shotgun_large', 0),
	(2605, 'steam:110000106e62a8a', 'WEAPON_STINGER', 0),
	(2606, 'steam:110000106e62a8a', 'WEAPON_APPISTOL', 0),
	(2607, 'steam:110000106e62a8a', 'disc_ammo_smg', 0),
	(2608, 'steam:110000106e62a8a', 'WEAPON_BOTTLE', 0),
	(2609, 'steam:110000106e62a8a', 'WEAPON_FIREEXTINGUISHER', 0),
	(2610, 'steam:110000106e62a8a', 'WEAPON_HATCHET', 0),
	(2611, 'steam:110000106e62a8a', 'WEAPON_REVOLVER', 0),
	(2612, 'steam:11000013ffeca21', 'phone', 0),
	(2613, 'steam:11000013ffeca21', 'sim', 0),
	(2614, 'steam:1100001415271ea', 'slaughtered_chicken', 0),
	(2615, 'steam:1100001415271ea', 'essence', 0),
	(2616, 'steam:1100001415271ea', 'medkit', 0),
	(2617, 'steam:1100001415271ea', 'lowgradefemaleseed', 0),
	(2618, 'steam:1100001415271ea', 'iron', 0),
	(2619, 'steam:1100001415271ea', 'deadbatteries', 0),
	(2620, 'steam:1100001415271ea', 'WEAPON_PISTOL', 0),
	(2621, 'steam:1100001415271ea', 'bread', 0),
	(2622, 'steam:1100001415271ea', 'WEAPON_DIGISCANNER', 0),
	(2623, 'steam:1100001415271ea', 'jewels', 0),
	(2624, 'steam:1100001415271ea', 'thermal_charge', 0),
	(2625, 'steam:1100001415271ea', 'marijuana', 0),
	(2626, 'steam:1100001415271ea', 'dia_box', 0),
	(2627, 'steam:1100001415271ea', 'water', 0),
	(2628, 'steam:1100001415271ea', 'WEAPON_DOUBLEACTION', 0),
	(2629, 'steam:1100001415271ea', 'blowpipe', 0),
	(2630, 'steam:1100001415271ea', 'laptop_h', 0),
	(2631, 'steam:1100001415271ea', 'WEAPON_SNIPERRIFLE', 0),
	(2632, 'steam:1100001415271ea', 'WEAPON_COMBATMG', 0),
	(2633, 'steam:1100001415271ea', 'pendrive', 0),
	(2634, 'steam:1100001415271ea', 'meth_packaged', 0),
	(2635, 'steam:1100001415271ea', 'WEAPON_MACHINEPISTOL', 0),
	(2636, 'steam:1100001415271ea', 'WEAPON_MICROSMG', 0),
	(2637, 'steam:1100001415271ea', 'WEAPON_FIREEXTINGUISHER', 0),
	(2638, 'steam:1100001415271ea', 'arAmmo', 0),
	(2639, 'steam:1100001415271ea', 'expiredburger', 0),
	(2640, 'steam:1100001415271ea', 'WEAPON_BULLPUPRIFLE', 0),
	(2641, 'steam:1100001415271ea', 'sorted_money', 0),
	(2642, 'steam:1100001415271ea', 'stone', 0),
	(2643, 'steam:1100001415271ea', 'electronics', 0),
	(2644, 'steam:1100001415271ea', 'WEAPON_CROWBAR', 0),
	(2645, 'steam:1100001415271ea', 'glassbottle', 0),
	(2646, 'steam:1100001415271ea', 'methlab', 0),
	(2647, 'steam:1100001415271ea', 'bandage', 0),
	(2648, 'steam:1100001415271ea', 'WEAPON_HAMMER', 0),
	(2649, 'steam:1100001415271ea', 'WEAPON_STUNGUN', 0),
	(2650, 'steam:1100001415271ea', 'drill', 0),
	(2651, 'steam:1100001415271ea', 'diamond', 0),
	(2652, 'steam:1100001415271ea', 'cocaine_cut', 0),
	(2653, 'steam:1100001415271ea', 'WEAPON_HEAVYSHOTGUN', 0),
	(2654, 'steam:1100001415271ea', 'WEAPON_ADVANCEDRIFLE', 0),
	(2655, 'steam:1100001415271ea', 'WEAPON_HOMINGLAUNCHER', 0),
	(2656, 'steam:1100001415271ea', 'WEAPON_BULLPUPSHOTGUN', 0),
	(2657, 'steam:1100001415271ea', 'WEAPON_COMPACTLAUNCHER', 0),
	(2658, 'steam:1100001415271ea', 'fishingrod', 0),
	(2659, 'steam:1100001415271ea', 'fixkit', 0),
	(2660, 'steam:1100001415271ea', 'vicodin', 0),
	(2661, 'steam:1100001415271ea', 'lithium', 0),
	(2662, 'steam:1100001415271ea', 'WEAPON_SMG', 0),
	(2663, 'steam:1100001415271ea', 'firework', 0),
	(2664, 'steam:1100001415271ea', 'WEAPON_PETROLCAN', 0),
	(2665, 'steam:1100001415271ea', 'fish', 0),
	(2666, 'steam:1100001415271ea', 'WEAPON_MARKSMANRIFLE', 0),
	(2667, 'steam:1100001415271ea', 'WEAPON_RAILGUN', 0),
	(2668, 'steam:1100001415271ea', 'defib', 0),
	(2669, 'steam:1100001415271ea', 'mouldybread', 0),
	(2670, 'steam:1100001415271ea', 'WEAPON_PUMPSHOTGUN', 0),
	(2671, 'steam:1100001415271ea', 'WEAPON_GUSENBERG', 0),
	(2672, 'steam:1100001415271ea', 'disc_ammo_smg_large', 0),
	(2673, 'steam:1100001415271ea', 'gazbottle', 0),
	(2674, 'steam:1100001415271ea', 'WEAPON_APPISTOL', 0),
	(2675, 'steam:1100001415271ea', 'disc_ammo_shotgun_large', 0),
	(2676, 'steam:1100001415271ea', 'packaged_plank', 0),
	(2677, 'steam:1100001415271ea', 'disc_ammo_pistol', 0),
	(2678, 'steam:1100001415271ea', 'packaged_chicken', 0),
	(2679, 'steam:1100001415271ea', 'WEAPON_BZGAS', 0),
	(2680, 'steam:1100001415271ea', 'medikit', 0),
	(2681, 'steam:1100001415271ea', 'WEAPON_CARBINERIFLE', 0),
	(2682, 'steam:1100001415271ea', 'turtlebait', 0),
	(2683, 'steam:1100001415271ea', 'wool', 0),
	(2684, 'steam:1100001415271ea', 'HeavyArmor', 0),
	(2685, 'steam:1100001415271ea', 'WEAPON_KNIFE', 0),
	(2686, 'steam:1100001415271ea', 'lockpick', 0),
	(2687, 'steam:1100001415271ea', 'bag', 0),
	(2688, 'steam:1100001415271ea', 'WEAPON_REVOLVER', 0),
	(2689, 'steam:1100001415271ea', 'cocaine_uncut', 0),
	(2690, 'steam:1100001415271ea', 'carokit', 0),
	(2691, 'steam:1100001415271ea', 'wine', 0),
	(2692, 'steam:1100001415271ea', 'white_phone', 0),
	(2693, 'steam:1100001415271ea', 'gold', 0),
	(2694, 'steam:1100001415271ea', 'repairkit', 0),
	(2695, 'steam:1100001415271ea', 'WEAPON_DBSHOTGUN', 0),
	(2696, 'steam:1100001415271ea', 'fishbait', 0),
	(2697, 'steam:1100001415271ea', 'weed_untrimmed', 0),
	(2698, 'steam:1100001415271ea', 'weed_packaged', 0),
	(2699, 'steam:1100001415271ea', 'WEAPON_WRENCH', 0),
	(2700, 'steam:1100001415271ea', 'WEAPON_PISTOL50', 0),
	(2701, 'steam:1100001415271ea', 'WEAPON_SWITCHBLADE', 0),
	(2702, 'steam:1100001415271ea', 'WEAPON_STINGER', 0),
	(2703, 'steam:1100001415271ea', 'WEAPON_STICKYBOMB', 0),
	(2704, 'steam:1100001415271ea', 'WEAPON_BALL', 0),
	(2705, 'steam:1100001415271ea', 'id_card_f', 0),
	(2706, 'steam:1100001415271ea', 'WEAPON_HATCHET', 0),
	(2707, 'steam:1100001415271ea', 'WEAPON_SMOKEGRENADE', 0),
	(2708, 'steam:1100001415271ea', 'oldring', 0),
	(2709, 'steam:1100001415271ea', 'cut_money', 0),
	(2710, 'steam:1100001415271ea', 'WEAPON_SNOWBALL', 0),
	(2711, 'steam:1100001415271ea', 'WEAPON_SNSPISTOL', 0),
	(2712, 'steam:1100001415271ea', 'WEAPON_SAWNOFFSHOTGUN', 0),
	(2713, 'steam:1100001415271ea', 'alive_chicken', 0),
	(2714, 'steam:1100001415271ea', 'WEAPON_PROXMINE', 0),
	(2715, 'steam:1100001415271ea', 'supressor', 0),
	(2716, 'steam:1100001415271ea', 'rubber', 0),
	(2717, 'steam:1100001415271ea', 'grip', 0),
	(2718, 'steam:1100001415271ea', 'WEAPON_POOLCUE', 0),
	(2719, 'steam:1100001415271ea', 'WEAPON_VINTAGEPISTOL', 0),
	(2720, 'steam:1100001415271ea', 'WEAPON_BOTTLE', 0),
	(2721, 'steam:1100001415271ea', 'phone', 0),
	(2722, 'steam:1100001415271ea', 'WEAPON_MUSKET', 0),
	(2723, 'steam:1100001415271ea', 'WEAPON_PIPEBOMB', 0),
	(2724, 'steam:1100001415271ea', 'WEAPON_HANDCUFFS', 0),
	(2725, 'steam:1100001415271ea', 'weakit', 0),
	(2726, 'steam:1100001415271ea', 'mgAmmo', 0),
	(2727, 'steam:1100001415271ea', 'silencer', 0),
	(2728, 'steam:1100001415271ea', 'advancedlockpick', 0),
	(2729, 'steam:1100001415271ea', 'id_card', 0),
	(2730, 'steam:1100001415271ea', 'disc_ammo_pistol_large', 0),
	(2731, 'steam:1100001415271ea', 'WEAPON_MINISMG', 0),
	(2732, 'steam:1100001415271ea', 'sgAmmo', 0),
	(2733, 'steam:1100001415271ea', 'plastic', 0),
	(2734, 'steam:1100001415271ea', 'turtle', 0),
	(2735, 'steam:1100001415271ea', 'WEAPON_MINIGUN', 0),
	(2736, 'steam:1100001415271ea', 'gold_bar', 0),
	(2737, 'steam:1100001415271ea', 'handcuffs', 0),
	(2738, 'steam:1100001415271ea', 'disc_ammo_smg', 0),
	(2739, 'steam:1100001415271ea', 'WEAPON_MARKSMANPISTOL', 0),
	(2740, 'steam:1100001415271ea', 'fabric', 0),
	(2741, 'steam:1100001415271ea', 'WEAPON_GOLFCLUB', 0),
	(2742, 'steam:1100001415271ea', 'tirekit', 0),
	(2743, 'steam:1100001415271ea', 'WEAPON_KNUCKLE', 0),
	(2744, 'steam:1100001415271ea', 'wood', 0),
	(2745, 'steam:1100001415271ea', 'lowgrademaleseed', 0),
	(2746, 'steam:1100001415271ea', 'disc_ammo_shotgun', 0),
	(2747, 'steam:1100001415271ea', 'WEAPON_HEAVYPISTOL', 0),
	(2748, 'steam:1100001415271ea', 'WEAPON_HEAVYSNIPER', 0),
	(2749, 'steam:1100001415271ea', 'firstaid', 0),
	(2750, 'steam:1100001415271ea', 'WEAPON_GRENADELAUNCHER', 0),
	(2751, 'steam:1100001415271ea', 'WEAPON_GRENADE', 0),
	(2752, 'steam:1100001415271ea', 'disc_ammo_snp_large', 0),
	(2753, 'steam:1100001415271ea', 'WEAPON_MACHETE', 0),
	(2754, 'steam:1100001415271ea', 'WEAPON_COMBATPISTOL', 0),
	(2755, 'steam:1100001415271ea', 'WEAPON_GARBAGEBAG', 0),
	(2756, 'steam:1100001415271ea', 'WEAPON_ASSAULTSMG', 0),
	(2757, 'steam:1100001415271ea', 'akskin', 0),
	(2758, 'steam:1100001415271ea', 'copper', 0),
	(2759, 'steam:1100001415271ea', 'pAmmo', 0),
	(2760, 'steam:1100001415271ea', 'WEAPON_FLAREGUN', 0),
	(2761, 'steam:1100001415271ea', 'shark', 0),
	(2762, 'steam:1100001415271ea', 'WEAPON_FLARE', 0),
	(2763, 'steam:1100001415271ea', 'skin', 0),
	(2764, 'steam:1100001415271ea', 'WEAPON_DAGGER', 0),
	(2765, 'steam:1100001415271ea', 'washed_stone', 0),
	(2766, 'steam:1100001415271ea', 'WEAPON_COMPACTRIFLE', 0),
	(2767, 'steam:1100001415271ea', 'WEAPON_FLASHLIGHT', 0),
	(2768, 'steam:1100001415271ea', 'brokenfishingrod', 0),
	(2769, 'steam:1100001415271ea', 'whisky', 0),
	(2770, 'steam:1100001415271ea', 'WEAPON_FIREWORK', 0),
	(2771, 'steam:1100001415271ea', 'WEAPON_COMBATPDW', 0),
	(2772, 'steam:1100001415271ea', 'WEAPON_BAT', 0),
	(2773, 'steam:1100001415271ea', 'disc_ammo_rifle', 0),
	(2774, 'steam:1100001415271ea', 'scope', 0),
	(2775, 'steam:1100001415271ea', 'WEAPON_ASSAULTRIFLE', 0),
	(2776, 'steam:1100001415271ea', 'WEAPON_BATTLEAXE', 0),
	(2777, 'steam:1100001415271ea', 'meth_raw', 0),
	(2778, 'steam:1100001415271ea', 'fixtool', 0),
	(2779, 'steam:1100001415271ea', 'green_phone', 0),
	(2780, 'steam:1100001415271ea', 'WEAPON_SPECIALCARBINE', 0),
	(2781, 'steam:1100001415271ea', 'disc_ammo_rifle_large', 0),
	(2782, 'steam:1100001415271ea', 'WEAPON_AUTOSHOTGUN', 0),
	(2783, 'steam:1100001415271ea', 'vodka', 0),
	(2784, 'steam:1100001415271ea', 'petrol_raffin', 0),
	(2785, 'steam:1100001415271ea', 'oldshoe', 0),
	(2786, 'steam:1100001415271ea', 'morphine', 0),
	(2787, 'steam:1100001415271ea', 'sim', 0),
	(2788, 'steam:1100001415271ea', 'acetone', 0),
	(2789, 'steam:1100001415271ea', 'secure_card', 0),
	(2790, 'steam:1100001415271ea', 'WEAPON_RPG', 0),
	(2791, 'steam:1100001415271ea', 'WEAPON_NIGHTSTICK', 0),
	(2792, 'steam:1100001415271ea', 'blue_phone', 0),
	(2793, 'steam:1100001415271ea', 'petrol', 0),
	(2794, 'steam:1100001415271ea', 'vehgps', 0),
	(2795, 'steam:1100001415271ea', 'carotool', 0),
	(2796, 'steam:1100001415271ea', 'wallet', 0),
	(2797, 'steam:1100001415271ea', 'WEAPON_MG', 0),
	(2798, 'steam:1100001415271ea', 'oxygenmask', 0),
	(2799, 'steam:1100001415271ea', 'WEAPON_MOLOTOV', 0),
	(2800, 'steam:1100001415271ea', 'WEAPON_ASSAULTSHOTGUN', 0),
	(2801, 'steam:1100001415271ea', 'flashlight', 0),
	(2802, 'steam:1100001415271ea', 'disc_ammo_snp', 0),
	(2803, 'steam:1100001415271ea', 'meth', 0),
	(2804, 'steam:1100001415271ea', 'hydrocodone', 0),
	(2805, 'steam:1100001415271ea', 'cocaine_packaged', 0),
	(2806, 'steam:110000137aa1eef', 'slaughtered_chicken', 0),
	(2807, 'steam:110000137aa1eef', 'lowgradefemaleseed', 0),
	(2808, 'steam:110000137aa1eef', 'iron', 0),
	(2809, 'steam:110000137aa1eef', 'essence', 0),
	(2810, 'steam:110000137aa1eef', 'medkit', 0),
	(2811, 'steam:110000137aa1eef', 'jewels', 0),
	(2812, 'steam:110000137aa1eef', 'WEAPON_DIGISCANNER', 0),
	(2813, 'steam:110000137aa1eef', 'WEAPON_PISTOL', 0),
	(2814, 'steam:110000137aa1eef', 'deadbatteries', 0),
	(2815, 'steam:110000137aa1eef', 'bread', 0),
	(2816, 'steam:110000137aa1eef', 'thermal_charge', 0),
	(2817, 'steam:110000137aa1eef', 'marijuana', 0),
	(2818, 'steam:110000137aa1eef', 'dia_box', 0),
	(2819, 'steam:110000137aa1eef', 'water', 0),
	(2820, 'steam:110000137aa1eef', 'WEAPON_DOUBLEACTION', 0),
	(2821, 'steam:110000137aa1eef', 'blowpipe', 0),
	(2822, 'steam:110000137aa1eef', 'laptop_h', 0),
	(2823, 'steam:110000137aa1eef', 'WEAPON_SNIPERRIFLE', 0),
	(2824, 'steam:110000137aa1eef', 'WEAPON_COMBATMG', 0),
	(2825, 'steam:110000137aa1eef', 'pendrive', 0),
	(2826, 'steam:110000137aa1eef', 'meth_packaged', 0),
	(2827, 'steam:110000137aa1eef', 'WEAPON_MACHINEPISTOL', 0),
	(2828, 'steam:110000137aa1eef', 'WEAPON_MICROSMG', 0),
	(2829, 'steam:110000137aa1eef', 'WEAPON_FIREEXTINGUISHER', 0),
	(2830, 'steam:110000137aa1eef', 'arAmmo', 0),
	(2831, 'steam:110000137aa1eef', 'expiredburger', 0),
	(2832, 'steam:110000137aa1eef', 'WEAPON_BULLPUPRIFLE', 0),
	(2833, 'steam:110000137aa1eef', 'sorted_money', 0),
	(2834, 'steam:110000137aa1eef', 'stone', 0),
	(2835, 'steam:110000137aa1eef', 'electronics', 0),
	(2836, 'steam:110000137aa1eef', 'WEAPON_CROWBAR', 0),
	(2837, 'steam:110000137aa1eef', 'glassbottle', 0),
	(2838, 'steam:110000137aa1eef', 'methlab', 0),
	(2839, 'steam:110000137aa1eef', 'bandage', 0),
	(2840, 'steam:110000137aa1eef', 'WEAPON_HAMMER', 0),
	(2841, 'steam:110000137aa1eef', 'WEAPON_STUNGUN', 0),
	(2842, 'steam:110000137aa1eef', 'drill', 0),
	(2843, 'steam:110000137aa1eef', 'diamond', 0),
	(2844, 'steam:110000137aa1eef', 'cocaine_cut', 0),
	(2845, 'steam:110000137aa1eef', 'WEAPON_HEAVYSHOTGUN', 0),
	(2846, 'steam:110000137aa1eef', 'WEAPON_ADVANCEDRIFLE', 0),
	(2847, 'steam:110000137aa1eef', 'WEAPON_HOMINGLAUNCHER', 0),
	(2848, 'steam:110000137aa1eef', 'WEAPON_BULLPUPSHOTGUN', 0),
	(2849, 'steam:110000137aa1eef', 'WEAPON_COMPACTLAUNCHER', 0),
	(2850, 'steam:110000137aa1eef', 'fishingrod', 0),
	(2851, 'steam:110000137aa1eef', 'fixkit', 0),
	(2852, 'steam:110000137aa1eef', 'vicodin', 0),
	(2853, 'steam:110000137aa1eef', 'lithium', 0),
	(2854, 'steam:110000137aa1eef', 'WEAPON_SMG', 0),
	(2855, 'steam:110000137aa1eef', 'firework', 0),
	(2856, 'steam:110000137aa1eef', 'WEAPON_PETROLCAN', 0),
	(2857, 'steam:110000137aa1eef', 'WEAPON_RAILGUN', 0),
	(2858, 'steam:110000137aa1eef', 'defib', 0),
	(2859, 'steam:110000137aa1eef', 'fish', 0),
	(2860, 'steam:110000137aa1eef', 'WEAPON_MARKSMANRIFLE', 0),
	(2861, 'steam:110000137aa1eef', 'mouldybread', 0),
	(2862, 'steam:110000137aa1eef', 'WEAPON_PUMPSHOTGUN', 0),
	(2863, 'steam:110000137aa1eef', 'WEAPON_GUSENBERG', 0),
	(2864, 'steam:110000137aa1eef', 'disc_ammo_smg_large', 0),
	(2865, 'steam:110000137aa1eef', 'gazbottle', 0),
	(2866, 'steam:110000137aa1eef', 'WEAPON_APPISTOL', 0),
	(2867, 'steam:110000137aa1eef', 'disc_ammo_shotgun_large', 0),
	(2868, 'steam:110000137aa1eef', 'packaged_plank', 0),
	(2869, 'steam:110000137aa1eef', 'disc_ammo_pistol', 0),
	(2870, 'steam:110000137aa1eef', 'packaged_chicken', 0),
	(2871, 'steam:110000137aa1eef', 'WEAPON_BZGAS', 0),
	(2872, 'steam:110000137aa1eef', 'medikit', 0),
	(2873, 'steam:110000137aa1eef', 'WEAPON_CARBINERIFLE', 0),
	(2874, 'steam:110000137aa1eef', 'turtlebait', 0),
	(2875, 'steam:110000137aa1eef', 'wool', 0),
	(2876, 'steam:110000137aa1eef', 'HeavyArmor', 0),
	(2877, 'steam:110000137aa1eef', 'lockpick', 0),
	(2878, 'steam:110000137aa1eef', 'WEAPON_KNIFE', 0),
	(2879, 'steam:110000137aa1eef', 'bag', 0),
	(2880, 'steam:110000137aa1eef', 'WEAPON_REVOLVER', 0),
	(2881, 'steam:110000137aa1eef', 'cocaine_uncut', 0),
	(2882, 'steam:110000137aa1eef', 'carokit', 0),
	(2883, 'steam:110000137aa1eef', 'wine', 0),
	(2884, 'steam:110000137aa1eef', 'white_phone', 0),
	(2885, 'steam:110000137aa1eef', 'gold', 0),
	(2886, 'steam:110000137aa1eef', 'repairkit', 0),
	(2887, 'steam:110000137aa1eef', 'WEAPON_DBSHOTGUN', 0),
	(2888, 'steam:110000137aa1eef', 'fishbait', 0),
	(2889, 'steam:110000137aa1eef', 'weed_untrimmed', 0),
	(2890, 'steam:110000137aa1eef', 'weed_packaged', 0),
	(2891, 'steam:110000137aa1eef', 'WEAPON_WRENCH', 0),
	(2892, 'steam:110000137aa1eef', 'WEAPON_PISTOL50', 0),
	(2893, 'steam:110000137aa1eef', 'WEAPON_SWITCHBLADE', 0),
	(2894, 'steam:110000137aa1eef', 'WEAPON_STINGER', 0),
	(2895, 'steam:110000137aa1eef', 'WEAPON_STICKYBOMB', 0),
	(2896, 'steam:110000137aa1eef', 'WEAPON_BALL', 0),
	(2897, 'steam:110000137aa1eef', 'id_card_f', 0),
	(2898, 'steam:110000137aa1eef', 'WEAPON_HATCHET', 0),
	(2899, 'steam:110000137aa1eef', 'WEAPON_SMOKEGRENADE', 0),
	(2900, 'steam:110000137aa1eef', 'oldring', 0),
	(2901, 'steam:110000137aa1eef', 'cut_money', 0),
	(2902, 'steam:110000137aa1eef', 'WEAPON_SNOWBALL', 0),
	(2903, 'steam:110000137aa1eef', 'WEAPON_SNSPISTOL', 0),
	(2904, 'steam:110000137aa1eef', 'WEAPON_SAWNOFFSHOTGUN', 0),
	(2905, 'steam:110000137aa1eef', 'alive_chicken', 0),
	(2906, 'steam:110000137aa1eef', 'WEAPON_PROXMINE', 0),
	(2907, 'steam:110000137aa1eef', 'supressor', 0),
	(2908, 'steam:110000137aa1eef', 'rubber', 0),
	(2909, 'steam:110000137aa1eef', 'grip', 0),
	(2910, 'steam:110000137aa1eef', 'WEAPON_POOLCUE', 0),
	(2911, 'steam:110000137aa1eef', 'WEAPON_VINTAGEPISTOL', 0),
	(2912, 'steam:110000137aa1eef', 'phone', 0),
	(2913, 'steam:110000137aa1eef', 'WEAPON_MUSKET', 0),
	(2914, 'steam:110000137aa1eef', 'WEAPON_BOTTLE', 0),
	(2915, 'steam:110000137aa1eef', 'WEAPON_PIPEBOMB', 0),
	(2916, 'steam:110000137aa1eef', 'WEAPON_HANDCUFFS', 0),
	(2917, 'steam:110000137aa1eef', 'weakit', 0),
	(2918, 'steam:110000137aa1eef', 'mgAmmo', 0),
	(2919, 'steam:110000137aa1eef', 'silencer', 0),
	(2920, 'steam:110000137aa1eef', 'advancedlockpick', 0),
	(2921, 'steam:110000137aa1eef', 'id_card', 0),
	(2922, 'steam:110000137aa1eef', 'disc_ammo_pistol_large', 0),
	(2923, 'steam:110000137aa1eef', 'WEAPON_MINISMG', 0),
	(2924, 'steam:110000137aa1eef', 'sgAmmo', 0),
	(2925, 'steam:110000137aa1eef', 'plastic', 0),
	(2926, 'steam:110000137aa1eef', 'turtle', 0),
	(2927, 'steam:110000137aa1eef', 'WEAPON_MINIGUN', 0),
	(2928, 'steam:110000137aa1eef', 'gold_bar', 0),
	(2929, 'steam:110000137aa1eef', 'handcuffs', 0),
	(2930, 'steam:110000137aa1eef', 'disc_ammo_smg', 0),
	(2931, 'steam:110000137aa1eef', 'WEAPON_MARKSMANPISTOL', 0),
	(2932, 'steam:110000137aa1eef', 'fabric', 0),
	(2933, 'steam:110000137aa1eef', 'WEAPON_GOLFCLUB', 0),
	(2934, 'steam:110000137aa1eef', 'tirekit', 0),
	(2935, 'steam:110000137aa1eef', 'WEAPON_KNUCKLE', 0),
	(2936, 'steam:110000137aa1eef', 'wood', 0),
	(2937, 'steam:110000137aa1eef', 'lowgrademaleseed', 0),
	(2938, 'steam:110000137aa1eef', 'disc_ammo_shotgun', 0),
	(2939, 'steam:110000137aa1eef', 'WEAPON_HEAVYSNIPER', 0),
	(2940, 'steam:110000137aa1eef', 'WEAPON_HEAVYPISTOL', 0),
	(2941, 'steam:110000137aa1eef', 'firstaid', 0),
	(2942, 'steam:110000137aa1eef', 'WEAPON_GRENADELAUNCHER', 0),
	(2943, 'steam:110000137aa1eef', 'WEAPON_GRENADE', 0),
	(2944, 'steam:110000137aa1eef', 'WEAPON_MACHETE', 0),
	(2945, 'steam:110000137aa1eef', 'disc_ammo_snp_large', 0),
	(2946, 'steam:110000137aa1eef', 'WEAPON_COMBATPISTOL', 0),
	(2947, 'steam:110000137aa1eef', 'WEAPON_GARBAGEBAG', 0),
	(2948, 'steam:110000137aa1eef', 'WEAPON_ASSAULTSMG', 0),
	(2949, 'steam:110000137aa1eef', 'akskin', 0),
	(2950, 'steam:110000137aa1eef', 'copper', 0),
	(2951, 'steam:110000137aa1eef', 'pAmmo', 0),
	(2952, 'steam:110000137aa1eef', 'shark', 0),
	(2953, 'steam:110000137aa1eef', 'WEAPON_FLAREGUN', 0),
	(2954, 'steam:110000137aa1eef', 'WEAPON_FLARE', 0),
	(2955, 'steam:110000137aa1eef', 'skin', 0),
	(2956, 'steam:110000137aa1eef', 'WEAPON_DAGGER', 0),
	(2957, 'steam:110000137aa1eef', 'washed_stone', 0),
	(2958, 'steam:110000137aa1eef', 'WEAPON_COMPACTRIFLE', 0),
	(2959, 'steam:110000137aa1eef', 'WEAPON_FLASHLIGHT', 0),
	(2960, 'steam:110000137aa1eef', 'brokenfishingrod', 0),
	(2961, 'steam:110000137aa1eef', 'whisky', 0),
	(2962, 'steam:110000137aa1eef', 'WEAPON_FIREWORK', 0),
	(2963, 'steam:110000137aa1eef', 'WEAPON_COMBATPDW', 0),
	(2964, 'steam:110000137aa1eef', 'WEAPON_BAT', 0),
	(2965, 'steam:110000137aa1eef', 'disc_ammo_rifle', 0),
	(2966, 'steam:110000137aa1eef', 'scope', 0),
	(2967, 'steam:110000137aa1eef', 'WEAPON_ASSAULTRIFLE', 0),
	(2968, 'steam:110000137aa1eef', 'WEAPON_BATTLEAXE', 0),
	(2969, 'steam:110000137aa1eef', 'meth_raw', 0),
	(2970, 'steam:110000137aa1eef', 'fixtool', 0),
	(2971, 'steam:110000137aa1eef', 'green_phone', 0),
	(2972, 'steam:110000137aa1eef', 'WEAPON_SPECIALCARBINE', 0),
	(2973, 'steam:110000137aa1eef', 'disc_ammo_rifle_large', 0),
	(2974, 'steam:110000137aa1eef', 'vodka', 0),
	(2975, 'steam:110000137aa1eef', 'WEAPON_AUTOSHOTGUN', 0),
	(2976, 'steam:110000137aa1eef', 'petrol_raffin', 0),
	(2977, 'steam:110000137aa1eef', 'oldshoe', 1),
	(2978, 'steam:110000137aa1eef', 'morphine', 0),
	(2979, 'steam:110000137aa1eef', 'sim', 0),
	(2980, 'steam:110000137aa1eef', 'acetone', 0),
	(2981, 'steam:110000137aa1eef', 'secure_card', 0),
	(2982, 'steam:110000137aa1eef', 'WEAPON_RPG', 0),
	(2983, 'steam:110000137aa1eef', 'WEAPON_NIGHTSTICK', 0),
	(2984, 'steam:110000137aa1eef', 'blue_phone', 0),
	(2985, 'steam:110000137aa1eef', 'petrol', 0),
	(2986, 'steam:110000137aa1eef', 'vehgps', 0),
	(2987, 'steam:110000137aa1eef', 'carotool', 0),
	(2988, 'steam:110000137aa1eef', 'wallet', 0),
	(2989, 'steam:110000137aa1eef', 'WEAPON_MG', 0),
	(2990, 'steam:110000137aa1eef', 'oxygenmask', 0),
	(2991, 'steam:110000137aa1eef', 'WEAPON_MOLOTOV', 0),
	(2992, 'steam:110000137aa1eef', 'WEAPON_ASSAULTSHOTGUN', 0),
	(2993, 'steam:110000137aa1eef', 'flashlight', 0),
	(2994, 'steam:110000137aa1eef', 'disc_ammo_snp', 0),
	(2995, 'steam:110000137aa1eef', 'meth', 0),
	(2996, 'steam:110000137aa1eef', 'hydrocodone', 0),
	(2997, 'steam:110000137aa1eef', 'cocaine_packaged', 0),
	(2998, 'steam:11000014177c2c6', 'thermal_charge', 0),
	(2999, 'steam:11000014177c2c6', 'weakit', 0),
	(3000, 'steam:11000014177c2c6', 'WEAPON_BULLPUPSHOTGUN', 0),
	(3001, 'steam:11000014177c2c6', 'WEAPON_FIREWORK', 0),
	(3002, 'steam:11000014177c2c6', 'WEAPON_NIGHTSTICK', 0),
	(3003, 'steam:11000014177c2c6', 'flashlight', 0),
	(3004, 'steam:11000014177c2c6', 'alive_chicken', 0),
	(3005, 'steam:11000014177c2c6', 'phone', 0),
	(3006, 'steam:11000014177c2c6', 'WEAPON_ASSAULTRIFLE', 0),
	(3007, 'steam:11000014177c2c6', 'WEAPON_FLASHLIGHT', 0),
	(3008, 'steam:11000014177c2c6', 'turtlebait', 0),
	(3009, 'steam:11000014177c2c6', 'lowgrademaleseed', 0),
	(3010, 'steam:11000014177c2c6', 'petrol', 0),
	(3011, 'steam:11000014177c2c6', 'turtle', 0),
	(3012, 'steam:11000014177c2c6', 'essence', 0),
	(3013, 'steam:11000014177c2c6', 'WEAPON_SMG', 0),
	(3014, 'steam:11000014177c2c6', 'WEAPON_DAGGER', 0),
	(3015, 'steam:11000014177c2c6', 'WEAPON_BALL', 0),
	(3016, 'steam:11000014177c2c6', 'firstaid', 0),
	(3017, 'steam:11000014177c2c6', 'cocaine_packaged', 0),
	(3018, 'steam:11000014177c2c6', 'hydrocodone', 0),
	(3019, 'steam:11000014177c2c6', 'washed_stone', 0),
	(3020, 'steam:11000014177c2c6', 'HeavyArmor', 0),
	(3021, 'steam:11000014177c2c6', 'water', 0),
	(3022, 'steam:11000014177c2c6', 'diamond', 0),
	(3023, 'steam:11000014177c2c6', 'WEAPON_SWITCHBLADE', 0),
	(3024, 'steam:11000014177c2c6', 'slaughtered_chicken', 0),
	(3025, 'steam:11000014177c2c6', 'WEAPON_BAT', 0),
	(3026, 'steam:11000014177c2c6', 'petrol_raffin', 0),
	(3027, 'steam:11000014177c2c6', 'WEAPON_MINISMG', 0),
	(3028, 'steam:11000014177c2c6', 'lowgradefemaleseed', 0),
	(3029, 'steam:11000014177c2c6', 'WEAPON_ASSAULTSHOTGUN', 0),
	(3030, 'steam:11000014177c2c6', 'green_phone', 0),
	(3031, 'steam:11000014177c2c6', 'WEAPON_MACHETE', 0),
	(3032, 'steam:11000014177c2c6', 'acetone', 0),
	(3033, 'steam:11000014177c2c6', 'blowpipe', 0),
	(3034, 'steam:11000014177c2c6', 'meth_raw', 0),
	(3035, 'steam:11000014177c2c6', 'WEAPON_GRENADE', 0),
	(3036, 'steam:11000014177c2c6', 'wallet', 0),
	(3037, 'steam:11000014177c2c6', 'WEAPON_ASSAULTSMG', 0),
	(3038, 'steam:11000014177c2c6', 'WEAPON_POOLCUE', 0),
	(3039, 'steam:11000014177c2c6', 'skin', 0),
	(3040, 'steam:11000014177c2c6', 'disc_ammo_rifle_large', 0),
	(3041, 'steam:11000014177c2c6', 'arAmmo', 0),
	(3042, 'steam:11000014177c2c6', 'WEAPON_CARBINERIFLE', 0),
	(3043, 'steam:11000014177c2c6', 'disc_ammo_smg_large', 0),
	(3044, 'steam:11000014177c2c6', 'oldshoe', 0),
	(3045, 'steam:11000014177c2c6', 'WEAPON_GUSENBERG', 0),
	(3046, 'steam:11000014177c2c6', 'gazbottle', 0),
	(3047, 'steam:11000014177c2c6', 'WEAPON_HATCHET', 0),
	(3048, 'steam:11000014177c2c6', 'WEAPON_COMBATPISTOL', 0),
	(3049, 'steam:11000014177c2c6', 'pAmmo', 0),
	(3050, 'steam:11000014177c2c6', 'weed_untrimmed', 0),
	(3051, 'steam:11000014177c2c6', 'morphine', 0),
	(3052, 'steam:11000014177c2c6', 'mouldybread', 0),
	(3053, 'steam:11000014177c2c6', 'oxygenmask', 0),
	(3054, 'steam:11000014177c2c6', 'grip', 0),
	(3055, 'steam:11000014177c2c6', 'fixkit', 0),
	(3056, 'steam:11000014177c2c6', 'cut_money', 0),
	(3057, 'steam:11000014177c2c6', 'lithium', 0),
	(3058, 'steam:11000014177c2c6', 'disc_ammo_rifle', 0),
	(3059, 'steam:11000014177c2c6', 'wool', 0),
	(3060, 'steam:11000014177c2c6', 'wine', 0),
	(3061, 'steam:11000014177c2c6', 'white_phone', 0),
	(3062, 'steam:11000014177c2c6', 'wood', 0),
	(3063, 'steam:11000014177c2c6', 'WEAPON_BOTTLE', 0),
	(3064, 'steam:11000014177c2c6', 'mgAmmo', 0),
	(3065, 'steam:11000014177c2c6', 'stone', 0),
	(3066, 'steam:11000014177c2c6', 'medikit', 0),
	(3067, 'steam:11000014177c2c6', 'weed_packaged', 0),
	(3068, 'steam:11000014177c2c6', 'WEAPON_STINGER', 0),
	(3069, 'steam:11000014177c2c6', 'WEAPON_WRENCH', 0),
	(3070, 'steam:11000014177c2c6', 'sgAmmo', 0),
	(3071, 'steam:11000014177c2c6', 'WEAPON_VINTAGEPISTOL', 0),
	(3072, 'steam:11000014177c2c6', 'akskin', 0),
	(3073, 'steam:11000014177c2c6', 'glassbottle', 0),
	(3074, 'steam:11000014177c2c6', 'WEAPON_STUNGUN', 0),
	(3075, 'steam:11000014177c2c6', 'WEAPON_MICROSMG', 0),
	(3076, 'steam:11000014177c2c6', 'WEAPON_STICKYBOMB', 0),
	(3077, 'steam:11000014177c2c6', 'plastic', 0),
	(3078, 'steam:11000014177c2c6', 'WEAPON_SPECIALCARBINE', 0),
	(3079, 'steam:11000014177c2c6', 'WEAPON_MARKSMANPISTOL', 0),
	(3080, 'steam:11000014177c2c6', 'fish', 0),
	(3081, 'steam:11000014177c2c6', 'copper', 0),
	(3082, 'steam:11000014177c2c6', 'disc_ammo_snp_large', 0),
	(3083, 'steam:11000014177c2c6', 'silencer', 0),
	(3084, 'steam:11000014177c2c6', 'WEAPON_SNOWBALL', 0),
	(3085, 'steam:11000014177c2c6', 'supressor', 0),
	(3086, 'steam:11000014177c2c6', 'WEAPON_SNIPERRIFLE', 0),
	(3087, 'steam:11000014177c2c6', 'WEAPON_SMOKEGRENADE', 0),
	(3088, 'steam:11000014177c2c6', 'WEAPON_HAMMER', 0),
	(3089, 'steam:11000014177c2c6', 'advancedlockpick', 0),
	(3090, 'steam:11000014177c2c6', 'disc_ammo_pistol', 0),
	(3091, 'steam:11000014177c2c6', 'fishingrod', 0),
	(3092, 'steam:11000014177c2c6', 'iron', 0),
	(3093, 'steam:11000014177c2c6', 'WEAPON_RPG', 0),
	(3094, 'steam:11000014177c2c6', 'WEAPON_HOMINGLAUNCHER', 0),
	(3095, 'steam:11000014177c2c6', 'WEAPON_CROWBAR', 0),
	(3096, 'steam:11000014177c2c6', 'WEAPON_RAILGUN', 0),
	(3097, 'steam:11000014177c2c6', 'expiredburger', 0),
	(3098, 'steam:11000014177c2c6', 'fixtool', 0),
	(3099, 'steam:11000014177c2c6', 'brokenfishingrod', 0),
	(3100, 'steam:11000014177c2c6', 'WEAPON_PUMPSHOTGUN', 0),
	(3101, 'steam:11000014177c2c6', 'WEAPON_PROXMINE', 0),
	(3102, 'steam:11000014177c2c6', 'gold_bar', 0),
	(3103, 'steam:11000014177c2c6', 'WEAPON_PISTOL50', 0),
	(3104, 'steam:11000014177c2c6', 'WEAPON_PISTOL', 0),
	(3105, 'steam:11000014177c2c6', 'WEAPON_PIPEBOMB', 0),
	(3106, 'steam:11000014177c2c6', 'WEAPON_PETROLCAN', 0),
	(3107, 'steam:11000014177c2c6', 'WEAPON_BATTLEAXE', 0),
	(3108, 'steam:11000014177c2c6', 'WEAPON_MINIGUN', 0),
	(3109, 'steam:11000014177c2c6', 'WEAPON_MOLOTOV', 0),
	(3110, 'steam:11000014177c2c6', 'WEAPON_MUSKET', 0),
	(3111, 'steam:11000014177c2c6', 'WEAPON_MG', 0),
	(3112, 'steam:11000014177c2c6', 'WEAPON_MARKSMANRIFLE', 0),
	(3113, 'steam:11000014177c2c6', 'WEAPON_MACHINEPISTOL', 0),
	(3114, 'steam:11000014177c2c6', 'WEAPON_KNUCKLE', 0),
	(3115, 'steam:11000014177c2c6', 'WEAPON_KNIFE', 0),
	(3116, 'steam:11000014177c2c6', 'WEAPON_HEAVYSNIPER', 0),
	(3117, 'steam:11000014177c2c6', 'WEAPON_HEAVYSHOTGUN', 0),
	(3118, 'steam:11000014177c2c6', 'drill', 0),
	(3119, 'steam:11000014177c2c6', 'disc_ammo_shotgun', 0),
	(3120, 'steam:11000014177c2c6', 'bag', 0),
	(3121, 'steam:11000014177c2c6', 'WEAPON_AUTOSHOTGUN', 0),
	(3122, 'steam:11000014177c2c6', 'WEAPON_HANDCUFFS', 0),
	(3123, 'steam:11000014177c2c6', 'carotool', 0),
	(3124, 'steam:11000014177c2c6', 'WEAPON_BULLPUPRIFLE', 0),
	(3125, 'steam:11000014177c2c6', 'shark', 0),
	(3126, 'steam:11000014177c2c6', 'electronics', 0),
	(3127, 'steam:11000014177c2c6', 'WEAPON_SAWNOFFSHOTGUN', 0),
	(3128, 'steam:11000014177c2c6', 'methlab', 0),
	(3129, 'steam:11000014177c2c6', 'WEAPON_BZGAS', 0),
	(3130, 'steam:11000014177c2c6', 'WEAPON_GRENADELAUNCHER', 0),
	(3131, 'steam:11000014177c2c6', 'medkit', 0),
	(3132, 'steam:11000014177c2c6', 'laptop_h', 0),
	(3133, 'steam:11000014177c2c6', 'WEAPON_GOLFCLUB', 0),
	(3134, 'steam:11000014177c2c6', 'WEAPON_COMBATPDW', 0),
	(3135, 'steam:11000014177c2c6', 'rubber', 0),
	(3136, 'steam:11000014177c2c6', 'dia_box', 0),
	(3137, 'steam:11000014177c2c6', 'whisky', 0),
	(3138, 'steam:11000014177c2c6', 'disc_ammo_snp', 0),
	(3139, 'steam:11000014177c2c6', 'WEAPON_HEAVYPISTOL', 0),
	(3140, 'steam:11000014177c2c6', 'disc_ammo_pistol_large', 0),
	(3141, 'steam:11000014177c2c6', 'WEAPON_FIREEXTINGUISHER', 0),
	(3142, 'steam:11000014177c2c6', 'WEAPON_DOUBLEACTION', 0),
	(3143, 'steam:11000014177c2c6', 'WEAPON_DIGISCANNER', 0),
	(3144, 'steam:11000014177c2c6', 'WEAPON_DBSHOTGUN', 0),
	(3145, 'steam:11000014177c2c6', 'handcuffs', 0),
	(3146, 'steam:11000014177c2c6', 'deadbatteries', 0),
	(3147, 'steam:11000014177c2c6', 'WEAPON_REVOLVER', 0),
	(3148, 'steam:11000014177c2c6', 'fishbait', 0),
	(3149, 'steam:11000014177c2c6', 'meth', 0),
	(3150, 'steam:11000014177c2c6', 'WEAPON_COMPACTLAUNCHER', 0),
	(3151, 'steam:11000014177c2c6', 'defib', 0),
	(3152, 'steam:11000014177c2c6', 'packaged_plank', 0),
	(3153, 'steam:11000014177c2c6', 'packaged_chicken', 0),
	(3154, 'steam:11000014177c2c6', 'lockpick', 0),
	(3155, 'steam:11000014177c2c6', 'gold', 0),
	(3156, 'steam:11000014177c2c6', 'marijuana', 0),
	(3157, 'steam:11000014177c2c6', 'scope', 0),
	(3158, 'steam:11000014177c2c6', 'bandage', 0),
	(3159, 'steam:11000014177c2c6', 'firework', 0),
	(3160, 'steam:11000014177c2c6', 'disc_ammo_smg', 0),
	(3161, 'steam:11000014177c2c6', 'id_card', 0),
	(3162, 'steam:11000014177c2c6', 'sorted_money', 0),
	(3163, 'steam:11000014177c2c6', 'tirekit', 0),
	(3164, 'steam:11000014177c2c6', 'jewels', 0),
	(3165, 'steam:11000014177c2c6', 'meth_packaged', 0),
	(3166, 'steam:11000014177c2c6', 'WEAPON_SNSPISTOL', 0),
	(3167, 'steam:11000014177c2c6', 'pendrive', 0),
	(3168, 'steam:11000014177c2c6', 'WEAPON_FLAREGUN', 0),
	(3169, 'steam:11000014177c2c6', 'disc_ammo_shotgun_large', 0),
	(3170, 'steam:11000014177c2c6', 'WEAPON_APPISTOL', 0),
	(3171, 'steam:11000014177c2c6', 'fabric', 0),
	(3172, 'steam:11000014177c2c6', 'id_card_f', 0),
	(3173, 'steam:11000014177c2c6', 'sim', 0),
	(3174, 'steam:11000014177c2c6', 'carokit', 0),
	(3175, 'steam:11000014177c2c6', 'vodka', 0),
	(3176, 'steam:11000014177c2c6', 'vicodin', 0),
	(3177, 'steam:11000014177c2c6', 'vehgps', 0),
	(3178, 'steam:11000014177c2c6', 'WEAPON_COMBATMG', 0),
	(3179, 'steam:11000014177c2c6', 'bread', 0),
	(3180, 'steam:11000014177c2c6', 'WEAPON_FLARE', 0),
	(3181, 'steam:11000014177c2c6', 'repairkit', 0),
	(3182, 'steam:11000014177c2c6', 'WEAPON_ADVANCEDRIFLE', 0),
	(3183, 'steam:11000014177c2c6', 'WEAPON_COMPACTRIFLE', 0),
	(3184, 'steam:11000014177c2c6', 'oldring', 0),
	(3185, 'steam:11000014177c2c6', 'secure_card', 0),
	(3186, 'steam:11000014177c2c6', 'blue_phone', 0),
	(3187, 'steam:11000014177c2c6', 'cocaine_uncut', 0),
	(3188, 'steam:11000014177c2c6', 'WEAPON_GARBAGEBAG', 0),
	(3189, 'steam:11000014177c2c6', 'cocaine_cut', 0),
	(3190, 'steam:1100001427ab85b', 'thermal_charge', 0),
	(3191, 'steam:1100001427ab85b', 'weakit', 0),
	(3192, 'steam:1100001427ab85b', 'WEAPON_BULLPUPSHOTGUN', 0),
	(3193, 'steam:1100001427ab85b', 'WEAPON_FIREWORK', 0),
	(3194, 'steam:1100001427ab85b', 'WEAPON_NIGHTSTICK', 0),
	(3195, 'steam:1100001427ab85b', 'flashlight', 0),
	(3196, 'steam:1100001427ab85b', 'alive_chicken', 0),
	(3197, 'steam:1100001427ab85b', 'phone', 0),
	(3198, 'steam:1100001427ab85b', 'WEAPON_ASSAULTRIFLE', 0),
	(3199, 'steam:1100001427ab85b', 'WEAPON_FLASHLIGHT', 0),
	(3200, 'steam:1100001427ab85b', 'turtlebait', 0),
	(3201, 'steam:1100001427ab85b', 'lowgrademaleseed', 0),
	(3202, 'steam:1100001427ab85b', 'petrol', 0),
	(3203, 'steam:1100001427ab85b', 'turtle', 0),
	(3204, 'steam:1100001427ab85b', 'essence', 0),
	(3205, 'steam:1100001427ab85b', 'WEAPON_SMG', 0),
	(3206, 'steam:1100001427ab85b', 'WEAPON_DAGGER', 0),
	(3207, 'steam:1100001427ab85b', 'WEAPON_BALL', 0),
	(3208, 'steam:1100001427ab85b', 'firstaid', 0),
	(3209, 'steam:1100001427ab85b', 'cocaine_packaged', 0),
	(3210, 'steam:1100001427ab85b', 'hydrocodone', 0),
	(3211, 'steam:1100001427ab85b', 'washed_stone', 0),
	(3212, 'steam:1100001427ab85b', 'HeavyArmor', 0),
	(3213, 'steam:1100001427ab85b', 'water', 0),
	(3214, 'steam:1100001427ab85b', 'diamond', 0),
	(3215, 'steam:1100001427ab85b', 'WEAPON_SWITCHBLADE', 0),
	(3216, 'steam:1100001427ab85b', 'slaughtered_chicken', 0),
	(3217, 'steam:1100001427ab85b', 'WEAPON_BAT', 0),
	(3218, 'steam:1100001427ab85b', 'petrol_raffin', 0),
	(3219, 'steam:1100001427ab85b', 'WEAPON_MINISMG', 0),
	(3220, 'steam:1100001427ab85b', 'lowgradefemaleseed', 0),
	(3221, 'steam:1100001427ab85b', 'WEAPON_ASSAULTSHOTGUN', 0),
	(3222, 'steam:1100001427ab85b', 'green_phone', 0),
	(3223, 'steam:1100001427ab85b', 'WEAPON_MACHETE', 0),
	(3224, 'steam:1100001427ab85b', 'acetone', 0),
	(3225, 'steam:1100001427ab85b', 'blowpipe', 0),
	(3226, 'steam:1100001427ab85b', 'meth_raw', 0),
	(3227, 'steam:1100001427ab85b', 'WEAPON_GRENADE', 0),
	(3228, 'steam:1100001427ab85b', 'wallet', 0),
	(3229, 'steam:1100001427ab85b', 'WEAPON_ASSAULTSMG', 0),
	(3230, 'steam:1100001427ab85b', 'WEAPON_POOLCUE', 0),
	(3231, 'steam:1100001427ab85b', 'skin', 0),
	(3232, 'steam:1100001427ab85b', 'disc_ammo_rifle_large', 0),
	(3233, 'steam:1100001427ab85b', 'arAmmo', 0),
	(3234, 'steam:1100001427ab85b', 'WEAPON_CARBINERIFLE', 0),
	(3235, 'steam:1100001427ab85b', 'disc_ammo_smg_large', 0),
	(3236, 'steam:1100001427ab85b', 'oldshoe', 0),
	(3237, 'steam:1100001427ab85b', 'WEAPON_GUSENBERG', 0),
	(3238, 'steam:1100001427ab85b', 'gazbottle', 0),
	(3239, 'steam:1100001427ab85b', 'WEAPON_HATCHET', 0),
	(3240, 'steam:1100001427ab85b', 'WEAPON_COMBATPISTOL', 0),
	(3241, 'steam:1100001427ab85b', 'pAmmo', 0),
	(3242, 'steam:1100001427ab85b', 'weed_untrimmed', 0),
	(3243, 'steam:1100001427ab85b', 'morphine', 0),
	(3244, 'steam:1100001427ab85b', 'mouldybread', 0),
	(3245, 'steam:1100001427ab85b', 'oxygenmask', 0),
	(3246, 'steam:1100001427ab85b', 'grip', 0),
	(3247, 'steam:1100001427ab85b', 'fixkit', 0),
	(3248, 'steam:1100001427ab85b', 'cut_money', 0),
	(3249, 'steam:1100001427ab85b', 'lithium', 0),
	(3250, 'steam:1100001427ab85b', 'disc_ammo_rifle', 0),
	(3251, 'steam:1100001427ab85b', 'wool', 0),
	(3252, 'steam:1100001427ab85b', 'wood', 0),
	(3253, 'steam:1100001427ab85b', 'wine', 0),
	(3254, 'steam:1100001427ab85b', 'white_phone', 0),
	(3255, 'steam:1100001427ab85b', 'WEAPON_BOTTLE', 0),
	(3256, 'steam:1100001427ab85b', 'medikit', 0),
	(3257, 'steam:1100001427ab85b', 'weed_packaged', 0),
	(3258, 'steam:1100001427ab85b', 'mgAmmo', 0),
	(3259, 'steam:1100001427ab85b', 'stone', 0),
	(3260, 'steam:1100001427ab85b', 'WEAPON_STINGER', 0),
	(3261, 'steam:1100001427ab85b', 'WEAPON_WRENCH', 0),
	(3262, 'steam:1100001427ab85b', 'WEAPON_VINTAGEPISTOL', 0),
	(3263, 'steam:1100001427ab85b', 'akskin', 0),
	(3264, 'steam:1100001427ab85b', 'sgAmmo', 0),
	(3265, 'steam:1100001427ab85b', 'glassbottle', 0),
	(3266, 'steam:1100001427ab85b', 'WEAPON_STUNGUN', 0),
	(3267, 'steam:1100001427ab85b', 'WEAPON_MICROSMG', 0),
	(3268, 'steam:1100001427ab85b', 'WEAPON_STICKYBOMB', 0),
	(3269, 'steam:1100001427ab85b', 'plastic', 0),
	(3270, 'steam:1100001427ab85b', 'WEAPON_SPECIALCARBINE', 0),
	(3271, 'steam:1100001427ab85b', 'copper', 0),
	(3272, 'steam:1100001427ab85b', 'disc_ammo_snp_large', 0),
	(3273, 'steam:1100001427ab85b', 'silencer', 0),
	(3274, 'steam:1100001427ab85b', 'WEAPON_SNOWBALL', 0),
	(3275, 'steam:1100001427ab85b', 'supressor', 0),
	(3276, 'steam:1100001427ab85b', 'WEAPON_SNIPERRIFLE', 0),
	(3277, 'steam:1100001427ab85b', 'WEAPON_HAMMER', 0),
	(3278, 'steam:1100001427ab85b', 'WEAPON_SMOKEGRENADE', 0),
	(3279, 'steam:1100001427ab85b', 'WEAPON_MARKSMANPISTOL', 0),
	(3280, 'steam:1100001427ab85b', 'fish', 0),
	(3281, 'steam:1100001427ab85b', 'advancedlockpick', 0),
	(3282, 'steam:1100001427ab85b', 'fishingrod', 0),
	(3283, 'steam:1100001427ab85b', 'disc_ammo_pistol', 0),
	(3284, 'steam:1100001427ab85b', 'iron', 0),
	(3285, 'steam:1100001427ab85b', 'WEAPON_RPG', 0),
	(3286, 'steam:1100001427ab85b', 'WEAPON_HOMINGLAUNCHER', 0),
	(3287, 'steam:1100001427ab85b', 'WEAPON_CROWBAR', 0),
	(3288, 'steam:1100001427ab85b', 'WEAPON_RAILGUN', 0),
	(3289, 'steam:1100001427ab85b', 'expiredburger', 0),
	(3290, 'steam:1100001427ab85b', 'fixtool', 0),
	(3291, 'steam:1100001427ab85b', 'brokenfishingrod', 0),
	(3292, 'steam:1100001427ab85b', 'WEAPON_PUMPSHOTGUN', 0),
	(3293, 'steam:1100001427ab85b', 'WEAPON_PROXMINE', 0),
	(3294, 'steam:1100001427ab85b', 'WEAPON_PISTOL50', 0),
	(3295, 'steam:1100001427ab85b', 'gold_bar', 0),
	(3296, 'steam:1100001427ab85b', 'WEAPON_PISTOL', 0),
	(3297, 'steam:1100001427ab85b', 'WEAPON_PIPEBOMB', 0),
	(3298, 'steam:1100001427ab85b', 'WEAPON_PETROLCAN', 0),
	(3299, 'steam:1100001427ab85b', 'WEAPON_BATTLEAXE', 0),
	(3300, 'steam:1100001427ab85b', 'WEAPON_MINIGUN', 0),
	(3301, 'steam:1100001427ab85b', 'WEAPON_MOLOTOV', 0),
	(3302, 'steam:1100001427ab85b', 'WEAPON_MUSKET', 0),
	(3303, 'steam:1100001427ab85b', 'WEAPON_MG', 0),
	(3304, 'steam:1100001427ab85b', 'WEAPON_MARKSMANRIFLE', 0),
	(3305, 'steam:1100001427ab85b', 'WEAPON_MACHINEPISTOL', 0),
	(3306, 'steam:1100001427ab85b', 'WEAPON_KNUCKLE', 0),
	(3307, 'steam:1100001427ab85b', 'WEAPON_KNIFE', 0),
	(3308, 'steam:1100001427ab85b', 'WEAPON_HEAVYSNIPER', 0),
	(3309, 'steam:1100001427ab85b', 'WEAPON_HEAVYSHOTGUN', 0),
	(3310, 'steam:1100001427ab85b', 'drill', 0),
	(3311, 'steam:1100001427ab85b', 'disc_ammo_shotgun', 0),
	(3312, 'steam:1100001427ab85b', 'bag', 0),
	(3313, 'steam:1100001427ab85b', 'WEAPON_AUTOSHOTGUN', 0),
	(3314, 'steam:1100001427ab85b', 'WEAPON_HANDCUFFS', 0),
	(3315, 'steam:1100001427ab85b', 'carotool', 0),
	(3316, 'steam:1100001427ab85b', 'WEAPON_BULLPUPRIFLE', 0),
	(3317, 'steam:1100001427ab85b', 'shark', 0),
	(3318, 'steam:1100001427ab85b', 'electronics', 0),
	(3319, 'steam:1100001427ab85b', 'WEAPON_SAWNOFFSHOTGUN', 0),
	(3320, 'steam:1100001427ab85b', 'methlab', 0),
	(3321, 'steam:1100001427ab85b', 'WEAPON_BZGAS', 0),
	(3322, 'steam:1100001427ab85b', 'WEAPON_GRENADELAUNCHER', 0),
	(3323, 'steam:1100001427ab85b', 'medkit', 0),
	(3324, 'steam:1100001427ab85b', 'laptop_h', 0),
	(3325, 'steam:1100001427ab85b', 'WEAPON_GOLFCLUB', 0),
	(3326, 'steam:1100001427ab85b', 'WEAPON_COMBATPDW', 0),
	(3327, 'steam:1100001427ab85b', 'rubber', 0),
	(3328, 'steam:1100001427ab85b', 'dia_box', 0),
	(3329, 'steam:1100001427ab85b', 'whisky', 0),
	(3330, 'steam:1100001427ab85b', 'disc_ammo_snp', 0),
	(3331, 'steam:1100001427ab85b', 'WEAPON_HEAVYPISTOL', 0),
	(3332, 'steam:1100001427ab85b', 'disc_ammo_pistol_large', 0),
	(3333, 'steam:1100001427ab85b', 'WEAPON_FIREEXTINGUISHER', 0),
	(3334, 'steam:1100001427ab85b', 'WEAPON_DOUBLEACTION', 0),
	(3335, 'steam:1100001427ab85b', 'WEAPON_DIGISCANNER', 0),
	(3336, 'steam:1100001427ab85b', 'WEAPON_DBSHOTGUN', 0),
	(3337, 'steam:1100001427ab85b', 'handcuffs', 0),
	(3338, 'steam:1100001427ab85b', 'deadbatteries', 0),
	(3339, 'steam:1100001427ab85b', 'WEAPON_REVOLVER', 0),
	(3340, 'steam:1100001427ab85b', 'fishbait', 0),
	(3341, 'steam:1100001427ab85b', 'meth', 0),
	(3342, 'steam:1100001427ab85b', 'WEAPON_COMPACTLAUNCHER', 0),
	(3343, 'steam:1100001427ab85b', 'defib', 0),
	(3344, 'steam:1100001427ab85b', 'packaged_plank', 0),
	(3345, 'steam:1100001427ab85b', 'packaged_chicken', 0),
	(3346, 'steam:1100001427ab85b', 'marijuana', 0),
	(3347, 'steam:1100001427ab85b', 'lockpick', 0),
	(3348, 'steam:1100001427ab85b', 'gold', 0),
	(3349, 'steam:1100001427ab85b', 'scope', 0),
	(3350, 'steam:1100001427ab85b', 'bandage', 0),
	(3351, 'steam:1100001427ab85b', 'id_card', 0),
	(3352, 'steam:1100001427ab85b', 'firework', 0),
	(3353, 'steam:1100001427ab85b', 'disc_ammo_smg', 0),
	(3354, 'steam:1100001427ab85b', 'jewels', 0),
	(3355, 'steam:1100001427ab85b', 'tirekit', 0),
	(3356, 'steam:1100001427ab85b', 'meth_packaged', 0),
	(3357, 'steam:1100001427ab85b', 'WEAPON_SNSPISTOL', 0),
	(3358, 'steam:1100001427ab85b', 'sorted_money', 0),
	(3359, 'steam:1100001427ab85b', 'pendrive', 0),
	(3360, 'steam:1100001427ab85b', 'WEAPON_FLAREGUN', 0),
	(3361, 'steam:1100001427ab85b', 'disc_ammo_shotgun_large', 0),
	(3362, 'steam:1100001427ab85b', 'WEAPON_APPISTOL', 0),
	(3363, 'steam:1100001427ab85b', 'fabric', 0),
	(3364, 'steam:1100001427ab85b', 'id_card_f', 0),
	(3365, 'steam:1100001427ab85b', 'sim', 0),
	(3366, 'steam:1100001427ab85b', 'carokit', 0),
	(3367, 'steam:1100001427ab85b', 'vodka', 0),
	(3368, 'steam:1100001427ab85b', 'vicodin', 0),
	(3369, 'steam:1100001427ab85b', 'vehgps', 0),
	(3370, 'steam:1100001427ab85b', 'WEAPON_COMBATMG', 0),
	(3371, 'steam:1100001427ab85b', 'bread', 0),
	(3372, 'steam:1100001427ab85b', 'WEAPON_FLARE', 0),
	(3373, 'steam:1100001427ab85b', 'repairkit', 0),
	(3374, 'steam:1100001427ab85b', 'WEAPON_ADVANCEDRIFLE', 0),
	(3375, 'steam:1100001427ab85b', 'WEAPON_COMPACTRIFLE', 0),
	(3376, 'steam:1100001427ab85b', 'oldring', 0),
	(3377, 'steam:1100001427ab85b', 'secure_card', 0),
	(3378, 'steam:1100001427ab85b', 'blue_phone', 0),
	(3379, 'steam:1100001427ab85b', 'cocaine_uncut', 0),
	(3380, 'steam:1100001427ab85b', 'WEAPON_GARBAGEBAG', 0),
	(3381, 'steam:1100001427ab85b', 'cocaine_cut', 0),
	(3382, 'steam:11000013ffeca21', 'vicodin', 0),
	(3383, 'steam:11000013ffeca21', 'expiredburger', 0),
	(3384, 'steam:11000013ffeca21', 'oldring', 0),
	(3385, 'steam:11000013ffeca21', 'glassbottle', 0),
	(3386, 'steam:11000013ffeca21', 'plastic', 0),
	(3387, 'steam:11000013ffeca21', 'laptop_h', 0),
	(3388, 'steam:11000013ffeca21', 'washed_stone', 0),
	(3389, 'steam:11000013ffeca21', 'thermal_charge', 0),
	(3390, 'steam:11000013ffeca21', 'fishingrod', 0),
	(3391, 'steam:11000013ffeca21', 'lockpick', 0),
	(3392, 'steam:11000013ffeca21', 'marijuana', 0),
	(3393, 'steam:11000013ffeca21', 'silencer', 0),
	(3394, 'steam:11000013ffeca21', 'wallet', 0),
	(3395, 'steam:11000013ffeca21', 'secure_card', 0),
	(3396, 'steam:11000013ffeca21', 'essence', 0),
	(3397, 'steam:11000013ffeca21', 'fabric', 0),
	(3398, 'steam:11000013ffeca21', 'cocaine_packaged', 0),
	(3399, 'steam:11000013ffeca21', 'weed_packaged', 0),
	(3400, 'steam:11000013ffeca21', 'bag', 0),
	(3401, 'steam:11000013ffeca21', 'rubber', 0),
	(3402, 'steam:11000013ffeca21', 'packaged_chicken', 0),
	(3403, 'steam:11000013ffeca21', 'defib', 0),
	(3404, 'steam:11000013ffeca21', 'packaged_plank', 0),
	(3405, 'steam:11000013ffeca21', 'meth_packaged', 0),
	(3406, 'steam:11000013ffeca21', 'iron', 0),
	(3407, 'steam:11000013ffeca21', 'fixkit', 0),
	(3408, 'steam:11000013ffeca21', 'alive_chicken', 0),
	(3409, 'steam:11000013ffeca21', 'wool', 0),
	(3410, 'steam:11000013ffeca21', 'water', 0),
	(3411, 'steam:11000013ffeca21', 'diamond', 0),
	(3412, 'steam:11000013ffeca21', 'stone', 0),
	(3413, 'steam:11000013ffeca21', 'vehgps', 0),
	(3414, 'steam:11000013ffeca21', 'cocaine_cut', 0),
	(3415, 'steam:11000013ffeca21', 'pendrive', 0),
	(3416, 'steam:11000013ffeca21', 'gazbottle', 0),
	(3417, 'steam:11000013ffeca21', 'methlab', 0),
	(3418, 'steam:11000013ffeca21', 'blue_phone', 0),
	(3419, 'steam:11000013ffeca21', 'id_card_f', 0),
	(3420, 'steam:11000013ffeca21', 'gold_bar', 0),
	(3421, 'steam:11000013ffeca21', 'drill', 0),
	(3422, 'steam:11000013ffeca21', 'lowgrademaleseed', 0),
	(3423, 'steam:11000013ffeca21', 'vodka', 0),
	(3424, 'steam:11000013ffeca21', 'white_phone', 0),
	(3425, 'steam:11000013ffeca21', 'fishbait', 0),
	(3426, 'steam:11000013ffeca21', 'whisky', 0),
	(3427, 'steam:11000013ffeca21', 'handcuffs', 0),
	(3428, 'steam:11000013ffeca21', 'petrol', 0),
	(3429, 'steam:11000013ffeca21', 'brokenfishingrod', 0),
	(3430, 'steam:11000013ffeca21', 'turtle', 0),
	(3431, 'steam:11000013ffeca21', 'slaughtered_chicken', 0),
	(3432, 'steam:11000013ffeca21', 'mgAmmo', 0),
	(3433, 'steam:11000013ffeca21', 'pAmmo', 0),
	(3434, 'steam:11000013ffeca21', 'sgAmmo', 0),
	(3435, 'steam:11000013ffeca21', 'meth', 0),
	(3436, 'steam:11000013ffeca21', 'cocaine_uncut', 20),
	(3437, 'steam:11000013ffeca21', 'carotool', 0),
	(3438, 'steam:11000013ffeca21', 'advancedlockpick', 0),
	(3439, 'steam:11000013ffeca21', 'carokit', 0),
	(3440, 'steam:11000013ffeca21', 'gold', 0),
	(3441, 'steam:11000013ffeca21', 'mouldybread', 0),
	(3442, 'steam:11000013ffeca21', 'cut_money', 0),
	(3443, 'steam:11000013ffeca21', 'HeavyArmor', 0),
	(3444, 'steam:11000013ffeca21', 'morphine', 0),
	(3445, 'steam:11000013ffeca21', 'green_phone', 0),
	(3446, 'steam:11000013ffeca21', 'jewels', 0),
	(3447, 'steam:11000013ffeca21', 'akskin', 0),
	(3448, 'steam:11000013ffeca21', 'meth_raw', 0),
	(3449, 'steam:11000013ffeca21', 'medikit', 0),
	(3450, 'steam:11000013ffeca21', 'medkit', 0),
	(3451, 'steam:11000013ffeca21', 'id_card', 0),
	(3452, 'steam:11000013ffeca21', 'blowpipe', 0),
	(3453, 'steam:11000013ffeca21', 'weed_untrimmed', 0),
	(3454, 'steam:11000013ffeca21', 'bread', 0),
	(3455, 'steam:11000013ffeca21', 'petrol_raffin', 0),
	(3456, 'steam:11000013ffeca21', 'dia_box', 0),
	(3457, 'steam:11000013ffeca21', 'shark', 0),
	(3458, 'steam:11000013ffeca21', 'arAmmo', 0),
	(3459, 'steam:11000013ffeca21', 'grip', 0),
	(3460, 'steam:11000013ffeca21', 'lowgradefemaleseed', 0),
	(3461, 'steam:11000013ffeca21', 'oldshoe', 0),
	(3462, 'steam:11000013ffeca21', 'wine', 0),
	(3463, 'steam:11000013ffeca21', 'lithium', 0),
	(3464, 'steam:11000013ffeca21', 'firework', 0),
	(3465, 'steam:11000013ffeca21', 'turtlebait', 0),
	(3466, 'steam:11000013ffeca21', 'weakit', 0),
	(3467, 'steam:11000013ffeca21', 'tirekit', 0),
	(3468, 'steam:11000013ffeca21', 'bandage', 0),
	(3469, 'steam:11000013ffeca21', 'acetone', 0),
	(3470, 'steam:11000013ffeca21', 'fixtool', 0),
	(3471, 'steam:11000013ffeca21', 'electronics', 0),
	(3472, 'steam:11000013ffeca21', 'firstaid', 0),
	(3473, 'steam:11000013ffeca21', 'flashlight', 0),
	(3474, 'steam:11000013ffeca21', 'sorted_money', 0),
	(3475, 'steam:11000013ffeca21', 'deadbatteries', 0),
	(3476, 'steam:11000013ffeca21', 'hydrocodone', 0),
	(3477, 'steam:11000013ffeca21', 'oxygenmask', 0),
	(3478, 'steam:11000013ffeca21', 'copper', 0),
	(3479, 'steam:11000013ffeca21', 'repairkit', 0),
	(3480, 'steam:11000013ffeca21', 'fish', 0),
	(3481, 'steam:11000013ffeca21', 'wood', 0),
	(3482, 'steam:11000013bebd70f', 'weakit', 0),
	(3483, 'steam:11000013bebd70f', 'oldshoe', 0),
	(3484, 'steam:11000013bebd70f', 'cocaine_cut', 0),
	(3485, 'steam:11000013bebd70f', 'gold_bar', 0),
	(3486, 'steam:11000013bebd70f', 'sorted_money', 0),
	(3487, 'steam:11000013bebd70f', 'laptop_h', 0),
	(3488, 'steam:11000013bebd70f', 'gazbottle', 0),
	(3489, 'steam:11000013bebd70f', 'carokit', 0),
	(3490, 'steam:11000013bebd70f', 'slaughtered_chicken', 0),
	(3491, 'steam:11000013bebd70f', 'washed_stone', 0),
	(3492, 'steam:11000013bebd70f', 'alive_chicken', 0),
	(3493, 'steam:11000013bebd70f', 'dia_box', 0),
	(3494, 'steam:11000013bebd70f', 'oxygenmask', 0),
	(3495, 'steam:11000013bebd70f', 'electronics', 0),
	(3496, 'steam:11000013bebd70f', 'wood', 0),
	(3497, 'steam:11000013bebd70f', 'cocaine_packaged', 0),
	(3498, 'steam:11000013bebd70f', 'pendrive', 0),
	(3499, 'steam:11000013bebd70f', 'vicodin', 0),
	(3500, 'steam:11000013bebd70f', 'bag', 0),
	(3501, 'steam:11000013bebd70f', 'firstaid', 0),
	(3502, 'steam:11000013bebd70f', 'shark', 0),
	(3503, 'steam:11000013bebd70f', 'vodka', 0),
	(3504, 'steam:11000013bebd70f', 'lowgradefemaleseed', 0),
	(3505, 'steam:11000013bebd70f', 'medkit', 0),
	(3506, 'steam:11000013bebd70f', 'fishbait', 0),
	(3507, 'steam:11000013bebd70f', 'rubber', 0),
	(3508, 'steam:11000013bebd70f', 'weed_untrimmed', 0),
	(3509, 'steam:11000013bebd70f', 'turtlebait', 0),
	(3510, 'steam:11000013bebd70f', 'lithium', 0),
	(3511, 'steam:11000013bebd70f', 'wallet', 0),
	(3512, 'steam:11000013bebd70f', 'flashlight', 0),
	(3513, 'steam:11000013bebd70f', 'vehgps', 0),
	(3514, 'steam:11000013bebd70f', 'green_phone', 0),
	(3515, 'steam:11000013bebd70f', 'firework', 0),
	(3516, 'steam:11000013bebd70f', 'secure_card', 0),
	(3517, 'steam:11000013bebd70f', 'meth_packaged', 0),
	(3518, 'steam:11000013bebd70f', 'expiredburger', 0),
	(3519, 'steam:11000013bebd70f', 'petrol_raffin', 0),
	(3520, 'steam:11000013bebd70f', 'wool', 0),
	(3521, 'steam:11000013bebd70f', 'deadbatteries', 0),
	(3522, 'steam:11000013bebd70f', 'packaged_chicken', 0),
	(3523, 'steam:11000013bebd70f', 'wine', 0),
	(3524, 'steam:11000013bebd70f', 'white_phone', 0),
	(3525, 'steam:11000013bebd70f', 'whisky', 0),
	(3526, 'steam:11000013bebd70f', 'weed_packaged', 0),
	(3527, 'steam:11000013bebd70f', 'petrol', 0),
	(3528, 'steam:11000013bebd70f', 'silencer', 0),
	(3529, 'steam:11000013bebd70f', 'packaged_plank', 0),
	(3530, 'steam:11000013bebd70f', 'carotool', 0),
	(3531, 'steam:11000013bebd70f', 'repairkit', 0),
	(3532, 'steam:11000013bebd70f', 'akskin', 0),
	(3533, 'steam:11000013bebd70f', 'lockpick', 0),
	(3534, 'steam:11000013bebd70f', 'blue_phone', 0),
	(3535, 'steam:11000013bebd70f', 'methlab', 0),
	(3536, 'steam:11000013bebd70f', 'bandage', 0),
	(3537, 'steam:11000013bebd70f', 'mouldybread', 0),
	(3538, 'steam:11000013bebd70f', 'id_card', 0),
	(3539, 'steam:11000013bebd70f', 'meth', 0),
	(3540, 'steam:11000013bebd70f', 'lowgrademaleseed', 0),
	(3541, 'steam:11000013bebd70f', 'bread', 0),
	(3542, 'steam:11000013bebd70f', 'jewels', 0),
	(3543, 'steam:11000013bebd70f', 'cut_money', 0),
	(3544, 'steam:11000013bebd70f', 'acetone', 0),
	(3545, 'steam:11000013bebd70f', 'meth_raw', 0),
	(3546, 'steam:11000013bebd70f', 'sgAmmo', 0),
	(3547, 'steam:11000013bebd70f', 'mgAmmo', 0),
	(3548, 'steam:11000013bebd70f', 'cocaine_uncut', 0),
	(3549, 'steam:11000013bebd70f', 'grip', 0),
	(3550, 'steam:11000013bebd70f', 'stone', 0),
	(3551, 'steam:11000013bebd70f', 'glassbottle', 0),
	(3552, 'steam:11000013bebd70f', 'handcuffs', 0),
	(3553, 'steam:11000013bebd70f', 'advancedlockpick', 0),
	(3554, 'steam:11000013bebd70f', 'morphine', 0),
	(3555, 'steam:11000013bebd70f', 'iron', 0),
	(3556, 'steam:11000013bebd70f', 'defib', 0),
	(3557, 'steam:11000013bebd70f', 'copper', 0),
	(3558, 'steam:11000013bebd70f', 'oldring', 0),
	(3559, 'steam:11000013bebd70f', 'marijuana', 0),
	(3560, 'steam:11000013bebd70f', 'tirekit', 0),
	(3561, 'steam:11000013bebd70f', 'brokenfishingrod', 0),
	(3562, 'steam:11000013bebd70f', 'essence', 0),
	(3563, 'steam:11000013bebd70f', 'fixtool', 0),
	(3564, 'steam:11000013bebd70f', 'thermal_charge', 0),
	(3565, 'steam:11000013bebd70f', 'fabric', 0),
	(3566, 'steam:11000013bebd70f', 'hydrocodone', 0),
	(3567, 'steam:11000013bebd70f', 'fixkit', 0),
	(3568, 'steam:11000013bebd70f', 'plastic', 0),
	(3569, 'steam:11000013bebd70f', 'drill', 0),
	(3570, 'steam:11000013bebd70f', 'turtle', 0),
	(3571, 'steam:11000013bebd70f', 'water', 0),
	(3572, 'steam:11000013bebd70f', 'id_card_f', 0),
	(3573, 'steam:11000013bebd70f', 'diamond', 0),
	(3574, 'steam:11000013bebd70f', 'fishingrod', 0),
	(3575, 'steam:11000013bebd70f', 'blowpipe', 0),
	(3576, 'steam:11000013bebd70f', 'medikit', 0),
	(3577, 'steam:11000013bebd70f', 'HeavyArmor', 9),
	(3578, 'steam:11000013bebd70f', 'fish', 0),
	(3579, 'steam:11000013bebd70f', 'gold', 0),
	(3580, 'steam:11000013bebd70f', 'pAmmo', 0),
	(3581, 'steam:11000013bebd70f', 'arAmmo', 7),
	(3582, 'steam:11000013bebd70f', 'WEAPON_ASSAULTSMG', 0),
	(3583, 'steam:11000013bebd70f', 'WEAPON_KNUCKLE', 0),
	(3584, 'steam:11000013bebd70f', 'WEAPON_BULLPUPRIFLE', 0),
	(3585, 'steam:11000013bebd70f', 'WEAPON_PISTOL', 0),
	(3586, 'steam:11000013bebd70f', 'skin', 0),
	(3587, 'steam:11000013bebd70f', 'WEAPON_MINISMG', 0),
	(3588, 'steam:11000013bebd70f', 'WEAPON_FIREWORK', 0),
	(3589, 'steam:11000013bebd70f', 'disc_ammo_shotgun_large', 0),
	(3590, 'steam:11000013bebd70f', 'disc_ammo_smg_large', 0),
	(3591, 'steam:11000013bebd70f', 'WEAPON_BAT', 0),
	(3592, 'steam:11000013bebd70f', 'disc_ammo_smg', 0),
	(3593, 'steam:11000013bebd70f', 'WEAPON_ASSAULTSHOTGUN', 0),
	(3594, 'steam:11000013bebd70f', 'WEAPON_WRENCH', 0),
	(3595, 'steam:11000013bebd70f', 'WEAPON_COMBATPISTOL', 0),
	(3596, 'steam:11000013bebd70f', 'WEAPON_KNIFE', 0),
	(3597, 'steam:11000013bebd70f', 'WEAPON_SAWNOFFSHOTGUN', 0),
	(3598, 'steam:11000013bebd70f', 'WEAPON_HOMINGLAUNCHER', 0),
	(3599, 'steam:11000013bebd70f', 'WEAPON_MOLOTOV', 0),
	(3600, 'steam:11000013bebd70f', 'WEAPON_HEAVYSNIPER', 0),
	(3601, 'steam:11000013bebd70f', 'disc_ammo_rifle_large', 0),
	(3602, 'steam:11000013bebd70f', 'WEAPON_HEAVYSHOTGUN', 0),
	(3603, 'steam:11000013bebd70f', 'WEAPON_DOUBLEACTION', 0),
	(3604, 'steam:11000013bebd70f', 'WEAPON_FLARE', 0),
	(3605, 'steam:11000013bebd70f', 'WEAPON_AUTOSHOTGUN', 0),
	(3606, 'steam:11000013bebd70f', 'WEAPON_GRENADELAUNCHER', 0),
	(3607, 'steam:11000013bebd70f', 'WEAPON_CROWBAR', 0),
	(3608, 'steam:11000013bebd70f', 'WEAPON_HANDCUFFS', 0),
	(3609, 'steam:11000013bebd70f', 'disc_ammo_pistol', 0),
	(3610, 'steam:11000013bebd70f', 'WEAPON_COMPACTLAUNCHER', 0),
	(3611, 'steam:11000013bebd70f', 'WEAPON_BULLPUPSHOTGUN', 0),
	(3612, 'steam:11000013bebd70f', 'WEAPON_VINTAGEPISTOL', 0),
	(3613, 'steam:11000013bebd70f', 'WEAPON_SWITCHBLADE', 0),
	(3614, 'steam:11000013bebd70f', 'WEAPON_STUNGUN', 0),
	(3615, 'steam:11000013bebd70f', 'WEAPON_STINGER', 0),
	(3616, 'steam:11000013bebd70f', 'WEAPON_DBSHOTGUN', 0),
	(3617, 'steam:11000013bebd70f', 'WEAPON_STICKYBOMB', 0),
	(3618, 'steam:11000013bebd70f', 'WEAPON_SNSPISTOL', 0),
	(3619, 'steam:11000013bebd70f', 'WEAPON_SPECIALCARBINE', 0),
	(3620, 'steam:11000013bebd70f', 'WEAPON_MICROSMG', 0),
	(3621, 'steam:11000013bebd70f', 'WEAPON_PROXMINE', 0),
	(3622, 'steam:11000013bebd70f', 'WEAPON_SNIPERRIFLE', 0),
	(3623, 'steam:11000013bebd70f', 'disc_ammo_snp', 0),
	(3624, 'steam:11000013bebd70f', 'WEAPON_SMG', 0),
	(3625, 'steam:11000013bebd70f', 'WEAPON_RPG', 0),
	(3626, 'steam:11000013bebd70f', 'WEAPON_REVOLVER', 0),
	(3627, 'steam:11000013bebd70f', 'WEAPON_RAILGUN', 0),
	(3628, 'steam:11000013bebd70f', 'WEAPON_BOTTLE', 0),
	(3629, 'steam:11000013bebd70f', 'disc_ammo_shotgun', 0),
	(3630, 'steam:11000013bebd70f', 'supressor', 0),
	(3631, 'steam:11000013bebd70f', 'WEAPON_MARKSMANPISTOL', 0),
	(3632, 'steam:11000013bebd70f', 'WEAPON_SNOWBALL', 0),
	(3633, 'steam:11000013bebd70f', 'WEAPON_GRENADE', 0),
	(3634, 'steam:11000013bebd70f', 'WEAPON_POOLCUE', 0),
	(3635, 'steam:11000013bebd70f', 'WEAPON_APPISTOL', 0),
	(3636, 'steam:11000013bebd70f', 'WEAPON_PISTOL50', 0),
	(3637, 'steam:11000013bebd70f', 'WEAPON_HEAVYPISTOL', 0),
	(3638, 'steam:11000013bebd70f', 'WEAPON_PIPEBOMB', 0),
	(3639, 'steam:11000013bebd70f', 'WEAPON_PETROLCAN', 0),
	(3640, 'steam:11000013bebd70f', 'WEAPON_NIGHTSTICK', 0),
	(3641, 'steam:11000013bebd70f', 'WEAPON_MINIGUN', 0),
	(3642, 'steam:11000013bebd70f', 'WEAPON_MG', 0),
	(3643, 'steam:11000013bebd70f', 'WEAPON_MARKSMANRIFLE', 0),
	(3644, 'steam:11000013bebd70f', 'WEAPON_ASSAULTRIFLE', 0),
	(3645, 'steam:11000013bebd70f', 'WEAPON_BATTLEAXE', 0),
	(3646, 'steam:11000013bebd70f', 'WEAPON_COMBATMG', 0),
	(3647, 'steam:11000013bebd70f', 'WEAPON_HATCHET', 0),
	(3648, 'steam:11000013bebd70f', 'scope', 0),
	(3649, 'steam:11000013bebd70f', 'WEAPON_HAMMER', 0),
	(3650, 'steam:11000013bebd70f', 'WEAPON_GOLFCLUB', 0),
	(3651, 'steam:11000013bebd70f', 'WEAPON_GUSENBERG', 0),
	(3652, 'steam:11000013bebd70f', 'WEAPON_GARBAGEBAG', 0),
	(3653, 'steam:11000013bebd70f', 'WEAPON_FLASHLIGHT', 0),
	(3654, 'steam:11000013bebd70f', 'WEAPON_BZGAS', 0),
	(3655, 'steam:11000013bebd70f', 'WEAPON_FLAREGUN', 0),
	(3656, 'steam:11000013bebd70f', 'WEAPON_FIREEXTINGUISHER', 0),
	(3657, 'steam:11000013bebd70f', 'WEAPON_DIGISCANNER', 0),
	(3658, 'steam:11000013bebd70f', 'WEAPON_DAGGER', 0),
	(3659, 'steam:11000013bebd70f', 'WEAPON_COMPACTRIFLE', 0),
	(3660, 'steam:11000013bebd70f', 'WEAPON_COMBATPDW', 0),
	(3661, 'steam:11000013bebd70f', 'WEAPON_PUMPSHOTGUN', 0),
	(3662, 'steam:11000013bebd70f', 'WEAPON_CARBINERIFLE', 0),
	(3663, 'steam:11000013bebd70f', 'WEAPON_BALL', 0),
	(3664, 'steam:11000013bebd70f', 'WEAPON_MACHETE', 0),
	(3665, 'steam:11000013bebd70f', 'WEAPON_ADVANCEDRIFLE', 0),
	(3666, 'steam:11000013bebd70f', 'WEAPON_MACHINEPISTOL', 0),
	(3667, 'steam:11000013bebd70f', 'WEAPON_SMOKEGRENADE', 0),
	(3668, 'steam:11000013bebd70f', 'WEAPON_MUSKET', 0),
	(3669, 'steam:11000013bebd70f', 'disc_ammo_rifle', 0),
	(3670, 'steam:11000013bebd70f', 'disc_ammo_snp_large', 0),
	(3671, 'steam:11000013bebd70f', 'disc_ammo_pistol_large', 0),
	(3672, 'steam:1100001435e9308', 'dia_box', 0),
	(3673, 'steam:1100001435e9308', 'water', 0),
	(3674, 'steam:1100001435e9308', 'WEAPON_ASSAULTSMG', 0),
	(3675, 'steam:1100001435e9308', 'carotool', 0),
	(3676, 'steam:1100001435e9308', 'tirekit', 0),
	(3677, 'steam:1100001435e9308', 'WEAPON_KNUCKLE', 0),
	(3678, 'steam:1100001435e9308', 'WEAPON_BULLPUPRIFLE', 0),
	(3679, 'steam:1100001435e9308', 'white_phone', 0),
	(3680, 'steam:1100001435e9308', 'fishbait', 0),
	(3681, 'steam:1100001435e9308', 'WEAPON_PISTOL', 0),
	(3682, 'steam:1100001435e9308', 'laptop_h', 0),
	(3683, 'steam:1100001435e9308', 'skin', 0),
	(3684, 'steam:1100001435e9308', 'rubber', 0),
	(3685, 'steam:1100001435e9308', 'grip', 0),
	(3686, 'steam:1100001435e9308', 'repairkit', 0),
	(3687, 'steam:1100001435e9308', 'mgAmmo', 0),
	(3688, 'steam:1100001435e9308', 'flashlight', 0),
	(3689, 'steam:1100001435e9308', 'id_card_f', 0),
	(3690, 'steam:1100001435e9308', 'whisky', 0),
	(3691, 'steam:1100001435e9308', 'iron', 0),
	(3692, 'steam:1100001435e9308', 'vehgps', 0),
	(3693, 'steam:1100001435e9308', 'WEAPON_MINISMG', 0),
	(3694, 'steam:1100001435e9308', 'morphine', 0),
	(3695, 'steam:1100001435e9308', 'WEAPON_FIREWORK', 0),
	(3696, 'steam:1100001435e9308', 'disc_ammo_shotgun_large', 0),
	(3697, 'steam:1100001435e9308', 'disc_ammo_smg_large', 0),
	(3698, 'steam:1100001435e9308', 'fabric', 0),
	(3699, 'steam:1100001435e9308', 'WEAPON_BAT', 0),
	(3700, 'steam:1100001435e9308', 'HeavyArmor', 0),
	(3701, 'steam:1100001435e9308', 'disc_ammo_smg', 0),
	(3702, 'steam:1100001435e9308', 'WEAPON_ASSAULTSHOTGUN', 0),
	(3703, 'steam:1100001435e9308', 'acetone', 0),
	(3704, 'steam:1100001435e9308', 'WEAPON_WRENCH', 0),
	(3705, 'steam:1100001435e9308', 'WEAPON_COMBATPISTOL', 0),
	(3706, 'steam:1100001435e9308', 'WEAPON_KNIFE', 0),
	(3707, 'steam:1100001435e9308', 'firstaid', 0),
	(3708, 'steam:1100001435e9308', 'packaged_plank', 0),
	(3709, 'steam:1100001435e9308', 'id_card', 0),
	(3710, 'steam:1100001435e9308', 'WEAPON_SAWNOFFSHOTGUN', 0),
	(3711, 'steam:1100001435e9308', 'WEAPON_HOMINGLAUNCHER', 0),
	(3712, 'steam:1100001435e9308', 'WEAPON_MOLOTOV', 0),
	(3713, 'steam:1100001435e9308', 'carokit', 0),
	(3714, 'steam:1100001435e9308', 'fish', 0),
	(3715, 'steam:1100001435e9308', 'deadbatteries', 0),
	(3716, 'steam:1100001435e9308', 'diamond', 0),
	(3717, 'steam:1100001435e9308', 'WEAPON_HEAVYSNIPER', 0),
	(3718, 'steam:1100001435e9308', 'essence', 0),
	(3719, 'steam:1100001435e9308', 'weakit', 0),
	(3720, 'steam:1100001435e9308', 'lockpick', 0),
	(3721, 'steam:1100001435e9308', 'weed_untrimmed', 0),
	(3722, 'steam:1100001435e9308', 'petrol', 0),
	(3723, 'steam:1100001435e9308', 'cut_money', 0),
	(3724, 'steam:1100001435e9308', 'hydrocodone', 0),
	(3725, 'steam:1100001435e9308', 'bandage', 0),
	(3726, 'steam:1100001435e9308', 'disc_ammo_rifle_large', 0),
	(3727, 'steam:1100001435e9308', 'WEAPON_HEAVYSHOTGUN', 0),
	(3728, 'steam:1100001435e9308', 'WEAPON_DOUBLEACTION', 0),
	(3729, 'steam:1100001435e9308', 'fixkit', 0),
	(3730, 'steam:1100001435e9308', 'WEAPON_FLARE', 0),
	(3731, 'steam:1100001435e9308', 'wine', 0),
	(3732, 'steam:1100001435e9308', 'lowgradefemaleseed', 0),
	(3733, 'steam:1100001435e9308', 'WEAPON_AUTOSHOTGUN', 0),
	(3734, 'steam:1100001435e9308', 'sim', 0),
	(3735, 'steam:1100001435e9308', 'lowgrademaleseed', 0),
	(3736, 'steam:1100001435e9308', 'WEAPON_GRENADELAUNCHER', 0),
	(3737, 'steam:1100001435e9308', 'cocaine_packaged', 0),
	(3738, 'steam:1100001435e9308', 'WEAPON_CROWBAR', 0),
	(3739, 'steam:1100001435e9308', 'WEAPON_HANDCUFFS', 0),
	(3740, 'steam:1100001435e9308', 'wood', 0),
	(3741, 'steam:1100001435e9308', 'disc_ammo_pistol', 0),
	(3742, 'steam:1100001435e9308', 'gold_bar', 0),
	(3743, 'steam:1100001435e9308', 'WEAPON_COMPACTLAUNCHER', 0),
	(3744, 'steam:1100001435e9308', 'WEAPON_BULLPUPSHOTGUN', 0),
	(3745, 'steam:1100001435e9308', 'pAmmo', 0),
	(3746, 'steam:1100001435e9308', 'pendrive', 0),
	(3747, 'steam:1100001435e9308', 'wallet', 0),
	(3748, 'steam:1100001435e9308', 'WEAPON_SWITCHBLADE', 0),
	(3749, 'steam:1100001435e9308', 'WEAPON_VINTAGEPISTOL', 0),
	(3750, 'steam:1100001435e9308', 'WEAPON_STUNGUN', 0),
	(3751, 'steam:1100001435e9308', 'vodka', 0),
	(3752, 'steam:1100001435e9308', 'WEAPON_STINGER', 0),
	(3753, 'steam:1100001435e9308', 'advancedlockpick', 0),
	(3754, 'steam:1100001435e9308', 'WEAPON_DBSHOTGUN', 0),
	(3755, 'steam:1100001435e9308', 'WEAPON_STICKYBOMB', 0),
	(3756, 'steam:1100001435e9308', 'brokenfishingrod', 0),
	(3757, 'steam:1100001435e9308', 'WEAPON_SPECIALCARBINE', 0),
	(3758, 'steam:1100001435e9308', 'bag', 0),
	(3759, 'steam:1100001435e9308', 'WEAPON_SNSPISTOL', 0),
	(3760, 'steam:1100001435e9308', 'WEAPON_MICROSMG', 0),
	(3761, 'steam:1100001435e9308', 'WEAPON_PROXMINE', 0),
	(3762, 'steam:1100001435e9308', 'WEAPON_SNIPERRIFLE', 0),
	(3763, 'steam:1100001435e9308', 'medikit', 0),
	(3764, 'steam:1100001435e9308', 'disc_ammo_snp', 0),
	(3765, 'steam:1100001435e9308', 'WEAPON_SMG', 0),
	(3766, 'steam:1100001435e9308', 'handcuffs', 0),
	(3767, 'steam:1100001435e9308', 'WEAPON_RPG', 0),
	(3768, 'steam:1100001435e9308', 'electronics', 0),
	(3769, 'steam:1100001435e9308', 'WEAPON_REVOLVER', 0),
	(3770, 'steam:1100001435e9308', 'WEAPON_RAILGUN', 0),
	(3771, 'steam:1100001435e9308', 'WEAPON_BOTTLE', 0),
	(3772, 'steam:1100001435e9308', 'disc_ammo_shotgun', 0),
	(3773, 'steam:1100001435e9308', 'supressor', 0),
	(3774, 'steam:1100001435e9308', 'WEAPON_MARKSMANPISTOL', 0),
	(3775, 'steam:1100001435e9308', 'methlab', 0),
	(3776, 'steam:1100001435e9308', 'WEAPON_SNOWBALL', 0),
	(3777, 'steam:1100001435e9308', 'WEAPON_GRENADE', 0),
	(3778, 'steam:1100001435e9308', 'alive_chicken', 0),
	(3779, 'steam:1100001435e9308', 'WEAPON_APPISTOL', 0),
	(3780, 'steam:1100001435e9308', 'meth_packaged', 0),
	(3781, 'steam:1100001435e9308', 'secure_card', 0),
	(3782, 'steam:1100001435e9308', 'cocaine_cut', 0),
	(3783, 'steam:1100001435e9308', 'WEAPON_POOLCUE', 0),
	(3784, 'steam:1100001435e9308', 'gold', 0),
	(3785, 'steam:1100001435e9308', 'WEAPON_HEAVYPISTOL', 0),
	(3786, 'steam:1100001435e9308', 'WEAPON_PISTOL50', 0),
	(3787, 'steam:1100001435e9308', 'arAmmo', 5),
	(3788, 'steam:1100001435e9308', 'WEAPON_PIPEBOMB', 0),
	(3789, 'steam:1100001435e9308', 'WEAPON_PETROLCAN', 0),
	(3790, 'steam:1100001435e9308', 'WEAPON_NIGHTSTICK', 0),
	(3791, 'steam:1100001435e9308', 'cocaine_uncut', 0),
	(3792, 'steam:1100001435e9308', 'mouldybread', 0),
	(3793, 'steam:1100001435e9308', 'WEAPON_MINIGUN', 0),
	(3794, 'steam:1100001435e9308', 'shark', 0),
	(3795, 'steam:1100001435e9308', 'petrol_raffin', 0),
	(3796, 'steam:1100001435e9308', 'expiredburger', 0),
	(3797, 'steam:1100001435e9308', 'turtlebait', 0),
	(3798, 'steam:1100001435e9308', 'WEAPON_MG', 0),
	(3799, 'steam:1100001435e9308', 'WEAPON_MARKSMANRIFLE', 0),
	(3800, 'steam:1100001435e9308', 'green_phone', 0),
	(3801, 'steam:1100001435e9308', 'thermal_charge', 0),
	(3802, 'steam:1100001435e9308', 'drill', 0),
	(3803, 'steam:1100001435e9308', 'akskin', 0),
	(3804, 'steam:1100001435e9308', 'oldshoe', 0),
	(3805, 'steam:1100001435e9308', 'oxygenmask', 0),
	(3806, 'steam:1100001435e9308', 'WEAPON_ASSAULTRIFLE', 0),
	(3807, 'steam:1100001435e9308', 'WEAPON_BATTLEAXE', 0),
	(3808, 'steam:1100001435e9308', 'copper', 0),
	(3809, 'steam:1100001435e9308', 'WEAPON_COMBATMG', 0),
	(3810, 'steam:1100001435e9308', 'defib', 0),
	(3811, 'steam:1100001435e9308', 'packaged_chicken', 0),
	(3812, 'steam:1100001435e9308', 'WEAPON_HATCHET', 0),
	(3813, 'steam:1100001435e9308', 'scope', 0),
	(3814, 'steam:1100001435e9308', 'wool', 0),
	(3815, 'steam:1100001435e9308', 'WEAPON_HAMMER', 0),
	(3816, 'steam:1100001435e9308', 'meth_raw', 0),
	(3817, 'steam:1100001435e9308', 'WEAPON_GOLFCLUB', 0),
	(3818, 'steam:1100001435e9308', 'WEAPON_GUSENBERG', 0),
	(3819, 'steam:1100001435e9308', 'WEAPON_GARBAGEBAG', 0),
	(3820, 'steam:1100001435e9308', 'glassbottle', 0),
	(3821, 'steam:1100001435e9308', 'jewels', 0),
	(3822, 'steam:1100001435e9308', 'WEAPON_FLASHLIGHT', 0),
	(3823, 'steam:1100001435e9308', 'WEAPON_BZGAS', 0),
	(3824, 'steam:1100001435e9308', 'washed_stone', 0),
	(3825, 'steam:1100001435e9308', 'sorted_money', 0),
	(3826, 'steam:1100001435e9308', 'WEAPON_FLAREGUN', 0),
	(3827, 'steam:1100001435e9308', 'WEAPON_FIREEXTINGUISHER', 0),
	(3828, 'steam:1100001435e9308', 'blowpipe', 0),
	(3829, 'steam:1100001435e9308', 'WEAPON_DIGISCANNER', 0),
	(3830, 'steam:1100001435e9308', 'WEAPON_DAGGER', 0),
	(3831, 'steam:1100001435e9308', 'WEAPON_COMPACTRIFLE', 0),
	(3832, 'steam:1100001435e9308', 'WEAPON_COMBATPDW', 0),
	(3833, 'steam:1100001435e9308', 'medkit', 0),
	(3834, 'steam:1100001435e9308', 'phone', 0),
	(3835, 'steam:1100001435e9308', 'lithium', 0),
	(3836, 'steam:1100001435e9308', 'WEAPON_PUMPSHOTGUN', 0),
	(3837, 'steam:1100001435e9308', 'WEAPON_CARBINERIFLE', 0),
	(3838, 'steam:1100001435e9308', 'WEAPON_BALL', 0),
	(3839, 'steam:1100001435e9308', 'WEAPON_MACHETE', 0),
	(3840, 'steam:1100001435e9308', 'blue_phone', 0),
	(3841, 'steam:1100001435e9308', 'oldring', 0),
	(3842, 'steam:1100001435e9308', 'marijuana', 0),
	(3843, 'steam:1100001435e9308', 'WEAPON_ADVANCEDRIFLE', 0),
	(3844, 'steam:1100001435e9308', 'WEAPON_MACHINEPISTOL', 0),
	(3845, 'steam:1100001435e9308', 'plastic', 0),
	(3846, 'steam:1100001435e9308', 'silencer', 0),
	(3847, 'steam:1100001435e9308', 'bread', 0),
	(3848, 'steam:1100001435e9308', 'firework', 0),
	(3849, 'steam:1100001435e9308', 'vicodin', 0),
	(3850, 'steam:1100001435e9308', 'gazbottle', 0),
	(3851, 'steam:1100001435e9308', 'turtle', 0),
	(3852, 'steam:1100001435e9308', 'WEAPON_SMOKEGRENADE', 0),
	(3853, 'steam:1100001435e9308', 'stone', 0),
	(3854, 'steam:1100001435e9308', 'WEAPON_MUSKET', 0),
	(3855, 'steam:1100001435e9308', 'sgAmmo', 0),
	(3856, 'steam:1100001435e9308', 'slaughtered_chicken', 0),
	(3857, 'steam:1100001435e9308', 'disc_ammo_rifle', 0),
	(3858, 'steam:1100001435e9308', 'disc_ammo_snp_large', 0),
	(3859, 'steam:1100001435e9308', 'fishingrod', 0),
	(3860, 'steam:1100001435e9308', 'weed_packaged', 0),
	(3861, 'steam:1100001435e9308', 'disc_ammo_pistol_large', 0),
	(3862, 'steam:1100001435e9308', 'fixtool', 0),
	(3863, 'steam:1100001435e9308', 'meth', 0),
	(3864, 'steam:110000133912c7d', 'dia_box', 0),
	(3865, 'steam:110000133912c7d', 'water', 0),
	(3866, 'steam:110000133912c7d', 'WEAPON_ASSAULTSMG', 0),
	(3867, 'steam:110000133912c7d', 'carotool', 0),
	(3868, 'steam:110000133912c7d', 'tirekit', 0),
	(3869, 'steam:110000133912c7d', 'WEAPON_KNUCKLE', 0),
	(3870, 'steam:110000133912c7d', 'WEAPON_BULLPUPRIFLE', 0),
	(3871, 'steam:110000133912c7d', 'fishbait', 0),
	(3872, 'steam:110000133912c7d', 'WEAPON_PISTOL', 0),
	(3873, 'steam:110000133912c7d', 'white_phone', 0),
	(3874, 'steam:110000133912c7d', 'laptop_h', 0),
	(3875, 'steam:110000133912c7d', 'rubber', 0),
	(3876, 'steam:110000133912c7d', 'skin', 0),
	(3877, 'steam:110000133912c7d', 'grip', 0),
	(3878, 'steam:110000133912c7d', 'repairkit', 0),
	(3879, 'steam:110000133912c7d', 'mgAmmo', 0),
	(3880, 'steam:110000133912c7d', 'flashlight', 0),
	(3881, 'steam:110000133912c7d', 'id_card_f', 0),
	(3882, 'steam:110000133912c7d', 'whisky', 0),
	(3883, 'steam:110000133912c7d', 'iron', 0),
	(3884, 'steam:110000133912c7d', 'vehgps', 0),
	(3885, 'steam:110000133912c7d', 'WEAPON_MINISMG', 0),
	(3886, 'steam:110000133912c7d', 'morphine', 0),
	(3887, 'steam:110000133912c7d', 'WEAPON_FIREWORK', 0),
	(3888, 'steam:110000133912c7d', 'disc_ammo_shotgun_large', 0),
	(3889, 'steam:110000133912c7d', 'disc_ammo_smg_large', 0),
	(3890, 'steam:110000133912c7d', 'fabric', 0),
	(3891, 'steam:110000133912c7d', 'WEAPON_BAT', 0),
	(3892, 'steam:110000133912c7d', 'HeavyArmor', 0),
	(3893, 'steam:110000133912c7d', 'disc_ammo_smg', 0),
	(3894, 'steam:110000133912c7d', 'WEAPON_ASSAULTSHOTGUN', 0),
	(3895, 'steam:110000133912c7d', 'acetone', 0),
	(3896, 'steam:110000133912c7d', 'WEAPON_WRENCH', 0),
	(3897, 'steam:110000133912c7d', 'WEAPON_COMBATPISTOL', 0),
	(3898, 'steam:110000133912c7d', 'WEAPON_KNIFE', 0),
	(3899, 'steam:110000133912c7d', 'firstaid', 0),
	(3900, 'steam:110000133912c7d', 'packaged_plank', 0),
	(3901, 'steam:110000133912c7d', 'id_card', 0),
	(3902, 'steam:110000133912c7d', 'WEAPON_SAWNOFFSHOTGUN', 0),
	(3903, 'steam:110000133912c7d', 'WEAPON_HOMINGLAUNCHER', 0),
	(3904, 'steam:110000133912c7d', 'WEAPON_MOLOTOV', 0),
	(3905, 'steam:110000133912c7d', 'fish', 0),
	(3906, 'steam:110000133912c7d', 'deadbatteries', 0),
	(3907, 'steam:110000133912c7d', 'diamond', 0),
	(3908, 'steam:110000133912c7d', 'carokit', 0),
	(3909, 'steam:110000133912c7d', 'WEAPON_HEAVYSNIPER', 0),
	(3910, 'steam:110000133912c7d', 'essence', 0),
	(3911, 'steam:110000133912c7d', 'weakit', 0),
	(3912, 'steam:110000133912c7d', 'weed_untrimmed', 0),
	(3913, 'steam:110000133912c7d', 'lockpick', 0),
	(3914, 'steam:110000133912c7d', 'petrol', 0),
	(3915, 'steam:110000133912c7d', 'cut_money', 0),
	(3916, 'steam:110000133912c7d', 'hydrocodone', 0),
	(3917, 'steam:110000133912c7d', 'bandage', 0),
	(3918, 'steam:110000133912c7d', 'disc_ammo_rifle_large', 0),
	(3919, 'steam:110000133912c7d', 'WEAPON_HEAVYSHOTGUN', 0),
	(3920, 'steam:110000133912c7d', 'WEAPON_DOUBLEACTION', 0),
	(3921, 'steam:110000133912c7d', 'fixkit', 0),
	(3922, 'steam:110000133912c7d', 'WEAPON_FLARE', 0),
	(3923, 'steam:110000133912c7d', 'wine', 0),
	(3924, 'steam:110000133912c7d', 'lowgradefemaleseed', 0),
	(3925, 'steam:110000133912c7d', 'WEAPON_AUTOSHOTGUN', 0),
	(3926, 'steam:110000133912c7d', 'sim', 0),
	(3927, 'steam:110000133912c7d', 'lowgrademaleseed', 0),
	(3928, 'steam:110000133912c7d', 'WEAPON_GRENADELAUNCHER', 0),
	(3929, 'steam:110000133912c7d', 'cocaine_packaged', 0),
	(3930, 'steam:110000133912c7d', 'WEAPON_CROWBAR', 0),
	(3931, 'steam:110000133912c7d', 'WEAPON_HANDCUFFS', 0),
	(3932, 'steam:110000133912c7d', 'wood', 0),
	(3933, 'steam:110000133912c7d', 'disc_ammo_pistol', 0),
	(3934, 'steam:110000133912c7d', 'gold_bar', 0),
	(3935, 'steam:110000133912c7d', 'WEAPON_COMPACTLAUNCHER', 0),
	(3936, 'steam:110000133912c7d', 'WEAPON_BULLPUPSHOTGUN', 0),
	(3937, 'steam:110000133912c7d', 'pAmmo', 0),
	(3938, 'steam:110000133912c7d', 'pendrive', 0),
	(3939, 'steam:110000133912c7d', 'wallet', 0),
	(3940, 'steam:110000133912c7d', 'WEAPON_VINTAGEPISTOL', 0),
	(3941, 'steam:110000133912c7d', 'WEAPON_SWITCHBLADE', 0),
	(3942, 'steam:110000133912c7d', 'vodka', 0),
	(3943, 'steam:110000133912c7d', 'WEAPON_STUNGUN', 0),
	(3944, 'steam:110000133912c7d', 'WEAPON_STINGER', 0),
	(3945, 'steam:110000133912c7d', 'advancedlockpick', 0),
	(3946, 'steam:110000133912c7d', 'WEAPON_DBSHOTGUN', 0),
	(3947, 'steam:110000133912c7d', 'WEAPON_STICKYBOMB', 0),
	(3948, 'steam:110000133912c7d', 'brokenfishingrod', 0),
	(3949, 'steam:110000133912c7d', 'WEAPON_SPECIALCARBINE', 0),
	(3950, 'steam:110000133912c7d', 'bag', 0),
	(3951, 'steam:110000133912c7d', 'WEAPON_SNSPISTOL', 0),
	(3952, 'steam:110000133912c7d', 'WEAPON_MICROSMG', 0),
	(3953, 'steam:110000133912c7d', 'WEAPON_PROXMINE', 0),
	(3954, 'steam:110000133912c7d', 'medikit', 0),
	(3955, 'steam:110000133912c7d', 'WEAPON_SNIPERRIFLE', 0),
	(3956, 'steam:110000133912c7d', 'disc_ammo_snp', 0),
	(3957, 'steam:110000133912c7d', 'WEAPON_SMG', 0),
	(3958, 'steam:110000133912c7d', 'handcuffs', 0),
	(3959, 'steam:110000133912c7d', 'WEAPON_RPG', 0),
	(3960, 'steam:110000133912c7d', 'electronics', 0),
	(3961, 'steam:110000133912c7d', 'WEAPON_REVOLVER', 0),
	(3962, 'steam:110000133912c7d', 'WEAPON_RAILGUN', 0),
	(3963, 'steam:110000133912c7d', 'WEAPON_BOTTLE', 0),
	(3964, 'steam:110000133912c7d', 'disc_ammo_shotgun', 0),
	(3965, 'steam:110000133912c7d', 'supressor', 0),
	(3966, 'steam:110000133912c7d', 'WEAPON_MARKSMANPISTOL', 0),
	(3967, 'steam:110000133912c7d', 'methlab', 0),
	(3968, 'steam:110000133912c7d', 'WEAPON_SNOWBALL', 0),
	(3969, 'steam:110000133912c7d', 'WEAPON_GRENADE', 0),
	(3970, 'steam:110000133912c7d', 'alive_chicken', 0),
	(3971, 'steam:110000133912c7d', 'WEAPON_APPISTOL', 0),
	(3972, 'steam:110000133912c7d', 'meth_packaged', 0),
	(3973, 'steam:110000133912c7d', 'secure_card', 0),
	(3974, 'steam:110000133912c7d', 'cocaine_cut', 0),
	(3975, 'steam:110000133912c7d', 'WEAPON_POOLCUE', 0),
	(3976, 'steam:110000133912c7d', 'gold', 0),
	(3977, 'steam:110000133912c7d', 'WEAPON_PISTOL50', 0),
	(3978, 'steam:110000133912c7d', 'WEAPON_HEAVYPISTOL', 0),
	(3979, 'steam:110000133912c7d', 'arAmmo', 0),
	(3980, 'steam:110000133912c7d', 'WEAPON_PIPEBOMB', 0),
	(3981, 'steam:110000133912c7d', 'WEAPON_PETROLCAN', 0),
	(3982, 'steam:110000133912c7d', 'WEAPON_NIGHTSTICK', 0),
	(3983, 'steam:110000133912c7d', 'cocaine_uncut', 0),
	(3984, 'steam:110000133912c7d', 'mouldybread', 0),
	(3985, 'steam:110000133912c7d', 'WEAPON_MINIGUN', 0),
	(3986, 'steam:110000133912c7d', 'shark', 0),
	(3987, 'steam:110000133912c7d', 'petrol_raffin', 0),
	(3988, 'steam:110000133912c7d', 'expiredburger', 0),
	(3989, 'steam:110000133912c7d', 'turtlebait', 0),
	(3990, 'steam:110000133912c7d', 'WEAPON_MG', 0),
	(3991, 'steam:110000133912c7d', 'WEAPON_MARKSMANRIFLE', 0),
	(3992, 'steam:110000133912c7d', 'green_phone', 0),
	(3993, 'steam:110000133912c7d', 'thermal_charge', 0),
	(3994, 'steam:110000133912c7d', 'drill', 0),
	(3995, 'steam:110000133912c7d', 'akskin', 0),
	(3996, 'steam:110000133912c7d', 'oldshoe', 0),
	(3997, 'steam:110000133912c7d', 'oxygenmask', 0),
	(3998, 'steam:110000133912c7d', 'WEAPON_ASSAULTRIFLE', 0),
	(3999, 'steam:110000133912c7d', 'WEAPON_BATTLEAXE', 0),
	(4000, 'steam:110000133912c7d', 'copper', 0),
	(4001, 'steam:110000133912c7d', 'WEAPON_COMBATMG', 0),
	(4002, 'steam:110000133912c7d', 'defib', 0),
	(4003, 'steam:110000133912c7d', 'packaged_chicken', 0),
	(4004, 'steam:110000133912c7d', 'WEAPON_HATCHET', 0),
	(4005, 'steam:110000133912c7d', 'scope', 0),
	(4006, 'steam:110000133912c7d', 'wool', 0),
	(4007, 'steam:110000133912c7d', 'WEAPON_HAMMER', 0),
	(4008, 'steam:110000133912c7d', 'meth_raw', 0),
	(4009, 'steam:110000133912c7d', 'WEAPON_GOLFCLUB', 0),
	(4010, 'steam:110000133912c7d', 'WEAPON_GUSENBERG', 0),
	(4011, 'steam:110000133912c7d', 'WEAPON_GARBAGEBAG', 0),
	(4012, 'steam:110000133912c7d', 'glassbottle', 0),
	(4013, 'steam:110000133912c7d', 'jewels', 0),
	(4014, 'steam:110000133912c7d', 'WEAPON_FLASHLIGHT', 0),
	(4015, 'steam:110000133912c7d', 'WEAPON_BZGAS', 0),
	(4016, 'steam:110000133912c7d', 'washed_stone', 0),
	(4017, 'steam:110000133912c7d', 'sorted_money', 0),
	(4018, 'steam:110000133912c7d', 'WEAPON_FLAREGUN', 0),
	(4019, 'steam:110000133912c7d', 'WEAPON_FIREEXTINGUISHER', 0),
	(4020, 'steam:110000133912c7d', 'blowpipe', 0),
	(4021, 'steam:110000133912c7d', 'WEAPON_DIGISCANNER', 0),
	(4022, 'steam:110000133912c7d', 'WEAPON_DAGGER', 0),
	(4023, 'steam:110000133912c7d', 'WEAPON_COMPACTRIFLE', 0),
	(4024, 'steam:110000133912c7d', 'WEAPON_COMBATPDW', 0),
	(4025, 'steam:110000133912c7d', 'medkit', 0),
	(4026, 'steam:110000133912c7d', 'phone', 0),
	(4027, 'steam:110000133912c7d', 'lithium', 0),
	(4028, 'steam:110000133912c7d', 'WEAPON_PUMPSHOTGUN', 0),
	(4029, 'steam:110000133912c7d', 'WEAPON_CARBINERIFLE', 0),
	(4030, 'steam:110000133912c7d', 'WEAPON_BALL', 0),
	(4031, 'steam:110000133912c7d', 'WEAPON_MACHETE', 0),
	(4032, 'steam:110000133912c7d', 'blue_phone', 0),
	(4033, 'steam:110000133912c7d', 'oldring', 0),
	(4034, 'steam:110000133912c7d', 'marijuana', 0),
	(4035, 'steam:110000133912c7d', 'WEAPON_ADVANCEDRIFLE', 0),
	(4036, 'steam:110000133912c7d', 'WEAPON_MACHINEPISTOL', 0),
	(4037, 'steam:110000133912c7d', 'plastic', 0),
	(4038, 'steam:110000133912c7d', 'silencer', 0),
	(4039, 'steam:110000133912c7d', 'bread', 0),
	(4040, 'steam:110000133912c7d', 'vicodin', 0),
	(4041, 'steam:110000133912c7d', 'gazbottle', 0),
	(4042, 'steam:110000133912c7d', 'firework', 0),
	(4043, 'steam:110000133912c7d', 'turtle', 0),
	(4044, 'steam:110000133912c7d', 'WEAPON_SMOKEGRENADE', 0),
	(4045, 'steam:110000133912c7d', 'stone', 0),
	(4046, 'steam:110000133912c7d', 'WEAPON_MUSKET', 0),
	(4047, 'steam:110000133912c7d', 'sgAmmo', 0),
	(4048, 'steam:110000133912c7d', 'slaughtered_chicken', 0),
	(4049, 'steam:110000133912c7d', 'disc_ammo_rifle', 0),
	(4050, 'steam:110000133912c7d', 'disc_ammo_snp_large', 0),
	(4051, 'steam:110000133912c7d', 'fishingrod', 0),
	(4052, 'steam:110000133912c7d', 'disc_ammo_pistol_large', 0),
	(4053, 'steam:110000133912c7d', 'weed_packaged', 0),
	(4054, 'steam:110000133912c7d', 'fixtool', 0),
	(4055, 'steam:110000133912c7d', 'meth', 0),
	(4056, 'steam:110000140ae1687', 'dia_box', 0),
	(4057, 'steam:110000140ae1687', 'water', 0),
	(4058, 'steam:110000140ae1687', 'carotool', 0),
	(4059, 'steam:110000140ae1687', 'tirekit', 0),
	(4060, 'steam:110000140ae1687', 'white_phone', 0),
	(4061, 'steam:110000140ae1687', 'fishbait', 0),
	(4062, 'steam:110000140ae1687', 'laptop_h', 0),
	(4063, 'steam:110000140ae1687', 'rubber', 0),
	(4064, 'steam:110000140ae1687', 'grip', 0),
	(4065, 'steam:110000140ae1687', 'repairkit', 0),
	(4066, 'steam:110000140ae1687', 'mgAmmo', 0),
	(4067, 'steam:110000140ae1687', 'flashlight', 0),
	(4068, 'steam:110000140ae1687', 'id_card_f', 0),
	(4069, 'steam:110000140ae1687', 'whisky', 0),
	(4070, 'steam:110000140ae1687', 'iron', 0),
	(4071, 'steam:110000140ae1687', 'vehgps', 0),
	(4072, 'steam:110000140ae1687', 'morphine', 0),
	(4073, 'steam:110000140ae1687', 'fabric', 0),
	(4074, 'steam:110000140ae1687', 'HeavyArmor', 0),
	(4075, 'steam:110000140ae1687', 'acetone', 0),
	(4076, 'steam:110000140ae1687', 'firstaid', 0),
	(4077, 'steam:110000140ae1687', 'packaged_plank', 0),
	(4078, 'steam:110000140ae1687', 'id_card', 0),
	(4079, 'steam:110000140ae1687', 'carokit', 0),
	(4080, 'steam:110000140ae1687', 'fish', 0),
	(4081, 'steam:110000140ae1687', 'deadbatteries', 0),
	(4082, 'steam:110000140ae1687', 'diamond', 0),
	(4083, 'steam:110000140ae1687', 'essence', 0),
	(4084, 'steam:110000140ae1687', 'weakit', 0),
	(4085, 'steam:110000140ae1687', 'weed_untrimmed', 0),
	(4086, 'steam:110000140ae1687', 'lockpick', 0),
	(4087, 'steam:110000140ae1687', 'petrol', 0),
	(4088, 'steam:110000140ae1687', 'cut_money', 0),
	(4089, 'steam:110000140ae1687', 'hydrocodone', 0),
	(4090, 'steam:110000140ae1687', 'bandage', 0),
	(4091, 'steam:110000140ae1687', 'fixkit', 0),
	(4092, 'steam:110000140ae1687', 'wine', 0),
	(4093, 'steam:110000140ae1687', 'lowgradefemaleseed', 0),
	(4094, 'steam:110000140ae1687', 'lowgrademaleseed', 0),
	(4095, 'steam:110000140ae1687', 'cocaine_packaged', 0),
	(4096, 'steam:110000140ae1687', 'wood', 0),
	(4097, 'steam:110000140ae1687', 'gold_bar', 0),
	(4098, 'steam:110000140ae1687', 'pAmmo', 0),
	(4099, 'steam:110000140ae1687', 'wallet', 0),
	(4100, 'steam:110000140ae1687', 'pendrive', 0),
	(4101, 'steam:110000140ae1687', 'vodka', 0),
	(4102, 'steam:110000140ae1687', 'advancedlockpick', 0),
	(4103, 'steam:110000140ae1687', 'brokenfishingrod', 0),
	(4104, 'steam:110000140ae1687', 'bag', 0),
	(4105, 'steam:110000140ae1687', 'medikit', 0),
	(4106, 'steam:110000140ae1687', 'handcuffs', 0),
	(4107, 'steam:110000140ae1687', 'electronics', 0),
	(4108, 'steam:110000140ae1687', 'methlab', 0),
	(4109, 'steam:110000140ae1687', 'alive_chicken', 0),
	(4110, 'steam:110000140ae1687', 'meth_packaged', 0),
	(4111, 'steam:110000140ae1687', 'secure_card', 0),
	(4112, 'steam:110000140ae1687', 'cocaine_cut', 0),
	(4113, 'steam:110000140ae1687', 'gold', 0),
	(4114, 'steam:110000140ae1687', 'arAmmo', 0),
	(4115, 'steam:110000140ae1687', 'cocaine_uncut', 0),
	(4116, 'steam:110000140ae1687', 'mouldybread', 0),
	(4117, 'steam:110000140ae1687', 'shark', 0),
	(4118, 'steam:110000140ae1687', 'petrol_raffin', 0),
	(4119, 'steam:110000140ae1687', 'expiredburger', 0),
	(4120, 'steam:110000140ae1687', 'turtlebait', 0),
	(4121, 'steam:110000140ae1687', 'green_phone', 0),
	(4122, 'steam:110000140ae1687', 'thermal_charge', 0),
	(4123, 'steam:110000140ae1687', 'drill', 0),
	(4124, 'steam:110000140ae1687', 'akskin', 0),
	(4125, 'steam:110000140ae1687', 'oldshoe', 0),
	(4126, 'steam:110000140ae1687', 'oxygenmask', 0),
	(4127, 'steam:110000140ae1687', 'copper', 0),
	(4128, 'steam:110000140ae1687', 'defib', 0),
	(4129, 'steam:110000140ae1687', 'wool', 0),
	(4130, 'steam:110000140ae1687', 'packaged_chicken', 0),
	(4131, 'steam:110000140ae1687', 'meth_raw', 0),
	(4132, 'steam:110000140ae1687', 'glassbottle', 0),
	(4133, 'steam:110000140ae1687', 'jewels', 0),
	(4134, 'steam:110000140ae1687', 'washed_stone', 0),
	(4135, 'steam:110000140ae1687', 'sorted_money', 0),
	(4136, 'steam:110000140ae1687', 'blowpipe', 0),
	(4137, 'steam:110000140ae1687', 'medkit', 0),
	(4138, 'steam:110000140ae1687', 'lithium', 0),
	(4139, 'steam:110000140ae1687', 'blue_phone', 0),
	(4140, 'steam:110000140ae1687', 'oldring', 0),
	(4141, 'steam:110000140ae1687', 'marijuana', 0),
	(4142, 'steam:110000140ae1687', 'plastic', 0),
	(4143, 'steam:110000140ae1687', 'silencer', 0),
	(4144, 'steam:110000140ae1687', 'bread', 0),
	(4145, 'steam:110000140ae1687', 'firework', 0),
	(4146, 'steam:110000140ae1687', 'vicodin', 0),
	(4147, 'steam:110000140ae1687', 'gazbottle', 0),
	(4148, 'steam:110000140ae1687', 'turtle', 0),
	(4149, 'steam:110000140ae1687', 'stone', 0),
	(4150, 'steam:110000140ae1687', 'sgAmmo', 0),
	(4151, 'steam:110000140ae1687', 'slaughtered_chicken', 0),
	(4152, 'steam:110000140ae1687', 'fishingrod', 0),
	(4153, 'steam:110000140ae1687', 'weed_packaged', 0),
	(4154, 'steam:110000140ae1687', 'fixtool', 0),
	(4155, 'steam:110000140ae1687', 'meth', 0),
	(4156, 'steam:11000013570ddfa', 'dia_box', 0),
	(4157, 'steam:11000013570ddfa', 'water', 0),
	(4158, 'steam:11000013570ddfa', 'WEAPON_ASSAULTSMG', 0),
	(4159, 'steam:11000013570ddfa', 'carotool', 0),
	(4160, 'steam:11000013570ddfa', 'tirekit', 0),
	(4161, 'steam:11000013570ddfa', 'WEAPON_BULLPUPRIFLE', 0),
	(4162, 'steam:11000013570ddfa', 'WEAPON_KNUCKLE', 0),
	(4163, 'steam:11000013570ddfa', 'white_phone', 0),
	(4164, 'steam:11000013570ddfa', 'fishbait', 0),
	(4165, 'steam:11000013570ddfa', 'WEAPON_PISTOL', 0),
	(4166, 'steam:11000013570ddfa', 'laptop_h', 0),
	(4167, 'steam:11000013570ddfa', 'skin', 0),
	(4168, 'steam:11000013570ddfa', 'rubber', 0),
	(4169, 'steam:11000013570ddfa', 'grip', 0),
	(4170, 'steam:11000013570ddfa', 'repairkit', 0),
	(4171, 'steam:11000013570ddfa', 'mgAmmo', 0),
	(4172, 'steam:11000013570ddfa', 'flashlight', 0),
	(4173, 'steam:11000013570ddfa', 'id_card_f', 0),
	(4174, 'steam:11000013570ddfa', 'whisky', 0),
	(4175, 'steam:11000013570ddfa', 'iron', 0),
	(4176, 'steam:11000013570ddfa', 'vehgps', 0),
	(4177, 'steam:11000013570ddfa', 'WEAPON_MINISMG', 0),
	(4178, 'steam:11000013570ddfa', 'morphine', 0),
	(4179, 'steam:11000013570ddfa', 'WEAPON_FIREWORK', 0),
	(4180, 'steam:11000013570ddfa', 'disc_ammo_shotgun_large', 0),
	(4181, 'steam:11000013570ddfa', 'disc_ammo_smg_large', 0),
	(4182, 'steam:11000013570ddfa', 'fabric', 0),
	(4183, 'steam:11000013570ddfa', 'WEAPON_BAT', 0),
	(4184, 'steam:11000013570ddfa', 'HeavyArmor', 0),
	(4185, 'steam:11000013570ddfa', 'disc_ammo_smg', 0),
	(4186, 'steam:11000013570ddfa', 'WEAPON_ASSAULTSHOTGUN', 0),
	(4187, 'steam:11000013570ddfa', 'acetone', 0),
	(4188, 'steam:11000013570ddfa', 'WEAPON_WRENCH', 0),
	(4189, 'steam:11000013570ddfa', 'WEAPON_COMBATPISTOL', 0),
	(4190, 'steam:11000013570ddfa', 'WEAPON_KNIFE', 0),
	(4191, 'steam:11000013570ddfa', 'firstaid', 0),
	(4192, 'steam:11000013570ddfa', 'packaged_plank', 0),
	(4193, 'steam:11000013570ddfa', 'id_card', 0),
	(4194, 'steam:11000013570ddfa', 'WEAPON_SAWNOFFSHOTGUN', 0),
	(4195, 'steam:11000013570ddfa', 'WEAPON_HOMINGLAUNCHER', 0),
	(4196, 'steam:11000013570ddfa', 'WEAPON_MOLOTOV', 0),
	(4197, 'steam:11000013570ddfa', 'carokit', 0),
	(4198, 'steam:11000013570ddfa', 'fish', 0),
	(4199, 'steam:11000013570ddfa', 'deadbatteries', 0),
	(4200, 'steam:11000013570ddfa', 'diamond', 0),
	(4201, 'steam:11000013570ddfa', 'WEAPON_HEAVYSNIPER', 0),
	(4202, 'steam:11000013570ddfa', 'essence', 0),
	(4203, 'steam:11000013570ddfa', 'weakit', 0),
	(4204, 'steam:11000013570ddfa', 'weed_untrimmed', 0),
	(4205, 'steam:11000013570ddfa', 'lockpick', 0),
	(4206, 'steam:11000013570ddfa', 'petrol', 0),
	(4207, 'steam:11000013570ddfa', 'cut_money', 0),
	(4208, 'steam:11000013570ddfa', 'hydrocodone', 0),
	(4209, 'steam:11000013570ddfa', 'bandage', 0),
	(4210, 'steam:11000013570ddfa', 'disc_ammo_rifle_large', 0),
	(4211, 'steam:11000013570ddfa', 'WEAPON_HEAVYSHOTGUN', 0),
	(4212, 'steam:11000013570ddfa', 'WEAPON_DOUBLEACTION', 0),
	(4213, 'steam:11000013570ddfa', 'fixkit', 0),
	(4214, 'steam:11000013570ddfa', 'WEAPON_FLARE', 0),
	(4215, 'steam:11000013570ddfa', 'wine', 0),
	(4216, 'steam:11000013570ddfa', 'lowgradefemaleseed', 0),
	(4217, 'steam:11000013570ddfa', 'WEAPON_AUTOSHOTGUN', 0),
	(4218, 'steam:11000013570ddfa', 'sim', 0),
	(4219, 'steam:11000013570ddfa', 'lowgrademaleseed', 0),
	(4220, 'steam:11000013570ddfa', 'WEAPON_GRENADELAUNCHER', 0),
	(4221, 'steam:11000013570ddfa', 'cocaine_packaged', 0),
	(4222, 'steam:11000013570ddfa', 'WEAPON_CROWBAR', 0),
	(4223, 'steam:11000013570ddfa', 'WEAPON_HANDCUFFS', 0),
	(4224, 'steam:11000013570ddfa', 'wood', 0),
	(4225, 'steam:11000013570ddfa', 'disc_ammo_pistol', 0),
	(4226, 'steam:11000013570ddfa', 'gold_bar', 0),
	(4227, 'steam:11000013570ddfa', 'WEAPON_COMPACTLAUNCHER', 0),
	(4228, 'steam:11000013570ddfa', 'WEAPON_BULLPUPSHOTGUN', 0),
	(4229, 'steam:11000013570ddfa', 'pAmmo', 0),
	(4230, 'steam:11000013570ddfa', 'pendrive', 0),
	(4231, 'steam:11000013570ddfa', 'wallet', 0),
	(4232, 'steam:11000013570ddfa', 'WEAPON_VINTAGEPISTOL', 0),
	(4233, 'steam:11000013570ddfa', 'WEAPON_SWITCHBLADE', 0),
	(4234, 'steam:11000013570ddfa', 'WEAPON_STUNGUN', 0),
	(4235, 'steam:11000013570ddfa', 'vodka', 0),
	(4236, 'steam:11000013570ddfa', 'WEAPON_STINGER', 0),
	(4237, 'steam:11000013570ddfa', 'advancedlockpick', 0),
	(4238, 'steam:11000013570ddfa', 'WEAPON_DBSHOTGUN', 0),
	(4239, 'steam:11000013570ddfa', 'WEAPON_STICKYBOMB', 0),
	(4240, 'steam:11000013570ddfa', 'brokenfishingrod', 0),
	(4241, 'steam:11000013570ddfa', 'WEAPON_SPECIALCARBINE', 0),
	(4242, 'steam:11000013570ddfa', 'bag', 0),
	(4243, 'steam:11000013570ddfa', 'WEAPON_MICROSMG', 0),
	(4244, 'steam:11000013570ddfa', 'WEAPON_PROXMINE', 0),
	(4245, 'steam:11000013570ddfa', 'WEAPON_SNSPISTOL', 0),
	(4246, 'steam:11000013570ddfa', 'WEAPON_SNIPERRIFLE', 0),
	(4247, 'steam:11000013570ddfa', 'medikit', 0),
	(4248, 'steam:11000013570ddfa', 'disc_ammo_snp', 0),
	(4249, 'steam:11000013570ddfa', 'WEAPON_SMG', 0),
	(4250, 'steam:11000013570ddfa', 'handcuffs', 0),
	(4251, 'steam:11000013570ddfa', 'WEAPON_RPG', 0),
	(4252, 'steam:11000013570ddfa', 'electronics', 0),
	(4253, 'steam:11000013570ddfa', 'WEAPON_REVOLVER', 0),
	(4254, 'steam:11000013570ddfa', 'WEAPON_RAILGUN', 0),
	(4255, 'steam:11000013570ddfa', 'WEAPON_BOTTLE', 0),
	(4256, 'steam:11000013570ddfa', 'disc_ammo_shotgun', 0),
	(4257, 'steam:11000013570ddfa', 'supressor', 0),
	(4258, 'steam:11000013570ddfa', 'WEAPON_MARKSMANPISTOL', 0),
	(4259, 'steam:11000013570ddfa', 'methlab', 0),
	(4260, 'steam:11000013570ddfa', 'WEAPON_SNOWBALL', 0),
	(4261, 'steam:11000013570ddfa', 'WEAPON_GRENADE', 0),
	(4262, 'steam:11000013570ddfa', 'alive_chicken', 0),
	(4263, 'steam:11000013570ddfa', 'WEAPON_APPISTOL', 0),
	(4264, 'steam:11000013570ddfa', 'meth_packaged', 0),
	(4265, 'steam:11000013570ddfa', 'secure_card', 0),
	(4266, 'steam:11000013570ddfa', 'cocaine_cut', 0),
	(4267, 'steam:11000013570ddfa', 'WEAPON_POOLCUE', 0),
	(4268, 'steam:11000013570ddfa', 'gold', 0),
	(4269, 'steam:11000013570ddfa', 'WEAPON_PISTOL50', 0),
	(4270, 'steam:11000013570ddfa', 'WEAPON_HEAVYPISTOL', 0),
	(4271, 'steam:11000013570ddfa', 'arAmmo', 0),
	(4272, 'steam:11000013570ddfa', 'WEAPON_PIPEBOMB', 0),
	(4273, 'steam:11000013570ddfa', 'WEAPON_PETROLCAN', 0),
	(4274, 'steam:11000013570ddfa', 'WEAPON_NIGHTSTICK', 0),
	(4275, 'steam:11000013570ddfa', 'cocaine_uncut', 0),
	(4276, 'steam:11000013570ddfa', 'mouldybread', 0),
	(4277, 'steam:11000013570ddfa', 'WEAPON_MINIGUN', 0),
	(4278, 'steam:11000013570ddfa', 'shark', 0),
	(4279, 'steam:11000013570ddfa', 'petrol_raffin', 0),
	(4280, 'steam:11000013570ddfa', 'expiredburger', 0),
	(4281, 'steam:11000013570ddfa', 'turtlebait', 0),
	(4282, 'steam:11000013570ddfa', 'WEAPON_MG', 0),
	(4283, 'steam:11000013570ddfa', 'WEAPON_MARKSMANRIFLE', 0),
	(4284, 'steam:11000013570ddfa', 'green_phone', 0),
	(4285, 'steam:11000013570ddfa', 'thermal_charge', 0),
	(4286, 'steam:11000013570ddfa', 'drill', 0),
	(4287, 'steam:11000013570ddfa', 'akskin', 0),
	(4288, 'steam:11000013570ddfa', 'oldshoe', 0),
	(4289, 'steam:11000013570ddfa', 'oxygenmask', 0),
	(4290, 'steam:11000013570ddfa', 'WEAPON_ASSAULTRIFLE', 0),
	(4291, 'steam:11000013570ddfa', 'WEAPON_BATTLEAXE', 0),
	(4292, 'steam:11000013570ddfa', 'copper', 0),
	(4293, 'steam:11000013570ddfa', 'WEAPON_COMBATMG', 0),
	(4294, 'steam:11000013570ddfa', 'defib', 0),
	(4295, 'steam:11000013570ddfa', 'packaged_chicken', 0),
	(4296, 'steam:11000013570ddfa', 'WEAPON_HATCHET', 0),
	(4297, 'steam:11000013570ddfa', 'scope', 0),
	(4298, 'steam:11000013570ddfa', 'wool', 0),
	(4299, 'steam:11000013570ddfa', 'WEAPON_HAMMER', 0),
	(4300, 'steam:11000013570ddfa', 'meth_raw', 0),
	(4301, 'steam:11000013570ddfa', 'WEAPON_GOLFCLUB', 0),
	(4302, 'steam:11000013570ddfa', 'WEAPON_GUSENBERG', 0),
	(4303, 'steam:11000013570ddfa', 'WEAPON_GARBAGEBAG', 0),
	(4304, 'steam:11000013570ddfa', 'glassbottle', 0),
	(4305, 'steam:11000013570ddfa', 'jewels', 0),
	(4306, 'steam:11000013570ddfa', 'WEAPON_FLASHLIGHT', 0),
	(4307, 'steam:11000013570ddfa', 'WEAPON_BZGAS', 0),
	(4308, 'steam:11000013570ddfa', 'washed_stone', 0),
	(4309, 'steam:11000013570ddfa', 'sorted_money', 0),
	(4310, 'steam:11000013570ddfa', 'WEAPON_FLAREGUN', 0),
	(4311, 'steam:11000013570ddfa', 'WEAPON_FIREEXTINGUISHER', 0),
	(4312, 'steam:11000013570ddfa', 'blowpipe', 0),
	(4313, 'steam:11000013570ddfa', 'WEAPON_DIGISCANNER', 0),
	(4314, 'steam:11000013570ddfa', 'WEAPON_DAGGER', 0),
	(4315, 'steam:11000013570ddfa', 'WEAPON_COMPACTRIFLE', 0),
	(4316, 'steam:11000013570ddfa', 'WEAPON_COMBATPDW', 0),
	(4317, 'steam:11000013570ddfa', 'medkit', 0),
	(4318, 'steam:11000013570ddfa', 'phone', 0),
	(4319, 'steam:11000013570ddfa', 'lithium', 0),
	(4320, 'steam:11000013570ddfa', 'WEAPON_PUMPSHOTGUN', 0),
	(4321, 'steam:11000013570ddfa', 'WEAPON_CARBINERIFLE', 0),
	(4322, 'steam:11000013570ddfa', 'WEAPON_BALL', 0),
	(4323, 'steam:11000013570ddfa', 'WEAPON_MACHETE', 0),
	(4324, 'steam:11000013570ddfa', 'blue_phone', 0),
	(4325, 'steam:11000013570ddfa', 'oldring', 0),
	(4326, 'steam:11000013570ddfa', 'marijuana', 0),
	(4327, 'steam:11000013570ddfa', 'WEAPON_MACHINEPISTOL', 0),
	(4328, 'steam:11000013570ddfa', 'WEAPON_ADVANCEDRIFLE', 0),
	(4329, 'steam:11000013570ddfa', 'plastic', 0),
	(4330, 'steam:11000013570ddfa', 'silencer', 0),
	(4331, 'steam:11000013570ddfa', 'bread', 0),
	(4332, 'steam:11000013570ddfa', 'firework', 0),
	(4333, 'steam:11000013570ddfa', 'vicodin', 0),
	(4334, 'steam:11000013570ddfa', 'gazbottle', 0),
	(4335, 'steam:11000013570ddfa', 'turtle', 0),
	(4336, 'steam:11000013570ddfa', 'WEAPON_SMOKEGRENADE', 0),
	(4337, 'steam:11000013570ddfa', 'stone', 0),
	(4338, 'steam:11000013570ddfa', 'WEAPON_MUSKET', 0),
	(4339, 'steam:11000013570ddfa', 'sgAmmo', 0),
	(4340, 'steam:11000013570ddfa', 'slaughtered_chicken', 0),
	(4341, 'steam:11000013570ddfa', 'disc_ammo_rifle', 0),
	(4342, 'steam:11000013570ddfa', 'disc_ammo_snp_large', 0),
	(4343, 'steam:11000013570ddfa', 'fishingrod', 0),
	(4344, 'steam:11000013570ddfa', 'disc_ammo_pistol_large', 0),
	(4345, 'steam:11000013570ddfa', 'weed_packaged', 0),
	(4346, 'steam:11000013570ddfa', 'fixtool', 0),
	(4347, 'steam:11000013570ddfa', 'meth', 0);
/*!40000 ALTER TABLE `user_inventory` ENABLE KEYS */;

-- Dumping structure for table zap669487-1.user_licenses
CREATE TABLE IF NOT EXISTS `user_licenses` (
  `id` int(11) NOT NULL AUTO_INCREMENT,
  `type` varchar(60) NOT NULL,
  `owner` varchar(60) NOT NULL,
  PRIMARY KEY (`id`)
) ENGINE=InnoDB DEFAULT CHARSET=utf8mb4;

-- Dumping data for table zap669487-1.user_licenses: ~0 rows (approximately)
/*!40000 ALTER TABLE `user_licenses` DISABLE KEYS */;
/*!40000 ALTER TABLE `user_licenses` ENABLE KEYS */;

-- Dumping structure for table zap669487-1.vehicles
CREATE TABLE IF NOT EXISTS `vehicles` (
  `name` varchar(60) NOT NULL,
  `model` varchar(60) NOT NULL,
  `price` int(11) NOT NULL,
  `category` varchar(60) DEFAULT NULL,
  PRIMARY KEY (`model`)
) ENGINE=InnoDB DEFAULT CHARSET=utf8mb4;

-- Dumping data for table zap669487-1.vehicles: ~240 rows (approximately)
/*!40000 ALTER TABLE `vehicles` DISABLE KEYS */;
INSERT INTO `vehicles` (`name`, `model`, `price`, `category`) VALUES
	('Adder', 'adder', 900000, 'super'),
	('Akuma', 'AKUMA', 7500, 'motorcycles'),
	('Alpha', 'alpha', 60000, 'sports'),
	('Ardent', 'ardent', 1150000, 'sportsclassics'),
	('Asea', 'asea', 5500, 'sedans'),
	('Autarch', 'autarch', 1955000, 'super'),
	('Avarus', 'avarus', 18000, 'motorcycles'),
	('Bagger', 'bagger', 13500, 'motorcycles'),
	('Baller', 'baller2', 40000, 'suvs'),
	('Baller Sport', 'baller3', 60000, 'suvs'),
	('Banshee', 'banshee', 70000, 'sports'),
	('Banshee 900R', 'banshee2', 255000, 'super'),
	('Bati 801', 'bati', 12000, 'motorcycles'),
	('Bati 801RR', 'bati2', 19000, 'motorcycles'),
	('Bestia GTS', 'bestiagts', 55000, 'sports'),
	('BF400', 'bf400', 6500, 'motorcycles'),
	('Bf Injection', 'bfinjection', 16000, 'offroad'),
	('Bifta', 'bifta', 12000, 'offroad'),
	('Bison', 'bison', 45000, 'vans'),
	('Blade', 'blade', 15000, 'muscle'),
	('Blazer', 'blazer', 6500, 'offroad'),
	('Blazer Sport', 'blazer4', 8500, 'offroad'),
	('blazer5', 'blazer5', 1755600, 'offroad'),
	('Blista', 'blista', 8000, 'compacts'),
	('BMX (velo)', 'bmx', 160, 'motorcycles'),
	('Bobcat XL', 'bobcatxl', 32000, 'vans'),
	('Brawler', 'brawler', 45000, 'offroad'),
	('Brioso R/A', 'brioso', 18000, 'compacts'),
	('Btype', 'btype', 62000, 'sportsclassics'),
	('Btype Hotroad', 'btype2', 155000, 'sportsclassics'),
	('Btype Luxe', 'btype3', 85000, 'sportsclassics'),
	('Buccaneer', 'buccaneer', 18000, 'muscle'),
	('Buccaneer Rider', 'buccaneer2', 24000, 'muscle'),
	('Buffalo', 'buffalo', 12000, 'sports'),
	('Buffalo S', 'buffalo2', 20000, 'sports'),
	('Bullet', 'bullet', 90000, 'super'),
	('Burrito', 'burrito3', 19000, 'vans'),
	('Camper', 'camper', 42000, 'vans'),
	('Carbonizzare', 'carbonizzare', 75000, 'sports'),
	('Carbon RS', 'carbonrs', 18000, 'motorcycles'),
	('Casco', 'casco', 30000, 'sportsclassics'),
	('Cavalcade', 'cavalcade2', 55000, 'suvs'),
	('Cheetah', 'cheetah', 375000, 'super'),
	('Chimera', 'chimera', 38000, 'motorcycles'),
	('Chino', 'chino', 15000, 'muscle'),
	('Chino Luxe', 'chino2', 19000, 'muscle'),
	('Cliffhanger', 'cliffhanger', 9500, 'motorcycles'),
	('Cognoscenti Cabrio', 'cogcabrio', 55000, 'coupes'),
	('Cognoscenti', 'cognoscenti', 55000, 'sedans'),
	('Comet', 'comet2', 65000, 'sports'),
	('Comet 5', 'comet5', 1145000, 'sports'),
	('Contender', 'contender', 70000, 'suvs'),
	('Coquette', 'coquette', 65000, 'sports'),
	('Coquette Classic', 'coquette2', 40000, 'sportsclassics'),
	('Coquette BlackFin', 'coquette3', 55000, 'muscle'),
	('Cruiser (velo)', 'cruiser', 510, 'motorcycles'),
	('Cyclone', 'cyclone', 1890000, 'super'),
	('Daemon', 'daemon', 11500, 'motorcycles'),
	('Daemon High', 'daemon2', 13500, 'motorcycles'),
	('Defiler', 'defiler', 9800, 'motorcycles'),
	('Deluxo', 'deluxo', 4721500, 'sportsclassics'),
	('Dominator', 'dominator', 35000, 'muscle'),
	('Double T', 'double', 28000, 'motorcycles'),
	('Dubsta', 'dubsta', 45000, 'suvs'),
	('Dubsta Luxuary', 'dubsta2', 60000, 'suvs'),
	('Bubsta 6x6', 'dubsta3', 120000, 'offroad'),
	('Dukes', 'dukes', 28000, 'muscle'),
	('Dune Buggy', 'dune', 8000, 'offroad'),
	('Elegy', 'elegy2', 38500, 'sports'),
	('Emperor', 'emperor', 8500, 'sedans'),
	('Enduro', 'enduro', 5500, 'motorcycles'),
	('Entity XF', 'entityxf', 425000, 'super'),
	('Esskey', 'esskey', 4200, 'motorcycles'),
	('Exemplar', 'exemplar', 32000, 'coupes'),
	('F620', 'f620', 40000, 'coupes'),
	('Faction', 'faction', 20000, 'muscle'),
	('Faction Rider', 'faction2', 30000, 'muscle'),
	('Faction XL', 'faction3', 40000, 'muscle'),
	('Faggio', 'faggio', 1900, 'motorcycles'),
	('Vespa', 'faggio2', 2800, 'motorcycles'),
	('Felon', 'felon', 42000, 'coupes'),
	('Felon GT', 'felon2', 55000, 'coupes'),
	('Feltzer', 'feltzer2', 55000, 'sports'),
	('Stirling GT', 'feltzer3', 65000, 'sportsclassics'),
	('Fixter (velo)', 'fixter', 225, 'motorcycles'),
	('FMJ', 'fmj', 185000, 'super'),
	('Fhantom', 'fq2', 17000, 'suvs'),
	('Fugitive', 'fugitive', 12000, 'sedans'),
	('Furore GT', 'furoregt', 45000, 'sports'),
	('Fusilade', 'fusilade', 40000, 'sports'),
	('Gargoyle', 'gargoyle', 16500, 'motorcycles'),
	('Gauntlet', 'gauntlet', 30000, 'muscle'),
	('Gang Burrito', 'gburrito', 45000, 'vans'),
	('Burrito', 'gburrito2', 29000, 'vans'),
	('Glendale', 'glendale', 6500, 'sedans'),
	('Grabger', 'granger', 50000, 'suvs'),
	('Gresley', 'gresley', 47500, 'suvs'),
	('GT 500', 'gt500', 785000, 'sportsclassics'),
	('Guardian', 'guardian', 45000, 'offroad'),
	('Hakuchou', 'hakuchou', 31000, 'motorcycles'),
	('Hakuchou Sport', 'hakuchou2', 55000, 'motorcycles'),
	('Hermes', 'hermes', 535000, 'muscle'),
	('Hexer', 'hexer', 12000, 'motorcycles'),
	('Hotknife', 'hotknife', 125000, 'muscle'),
	('Huntley S', 'huntley', 40000, 'suvs'),
	('Hustler', 'hustler', 625000, 'muscle'),
	('Infernus', 'infernus', 180000, 'super'),
	('Innovation', 'innovation', 23500, 'motorcycles'),
	('Intruder', 'intruder', 7500, 'sedans'),
	('Issi', 'issi2', 10000, 'compacts'),
	('Jackal', 'jackal', 38000, 'coupes'),
	('Jester', 'jester', 65000, 'sports'),
	('Jester(Racecar)', 'jester2', 135000, 'sports'),
	('Journey', 'journey', 6500, 'vans'),
	('Kamacho', 'kamacho', 345000, 'offroad'),
	('Khamelion', 'khamelion', 38000, 'sports'),
	('Kuruma', 'kuruma', 30000, 'sports'),
	('Landstalker', 'landstalker', 35000, 'suvs'),
	('RE-7B', 'le7b', 325000, 'super'),
	('Lynx', 'lynx', 40000, 'sports'),
	('Mamba', 'mamba', 70000, 'sports'),
	('Manana', 'manana', 12800, 'sportsclassics'),
	('Manchez', 'manchez', 5300, 'motorcycles'),
	('Massacro', 'massacro', 65000, 'sports'),
	('Massacro(Racecar)', 'massacro2', 130000, 'sports'),
	('Mesa', 'mesa', 16000, 'suvs'),
	('Mesa Trail', 'mesa3', 40000, 'suvs'),
	('Minivan', 'minivan', 13000, 'vans'),
	('Monroe', 'monroe', 55000, 'sportsclassics'),
	('The Liberator', 'monster', 210000, 'offroad'),
	('Moonbeam', 'moonbeam', 18000, 'vans'),
	('Moonbeam Rider', 'moonbeam2', 35000, 'vans'),
	('Nemesis', 'nemesis', 5800, 'motorcycles'),
	('Neon', 'neon', 1500000, 'sports'),
	('Nightblade', 'nightblade', 35000, 'motorcycles'),
	('Nightshade', 'nightshade', 65000, 'muscle'),
	('9F', 'ninef', 65000, 'sports'),
	('9F Cabrio', 'ninef2', 80000, 'sports'),
	('Omnis', 'omnis', 35000, 'sports'),
	('Oppressor', 'oppressor', 3524500, 'super'),
	('Oracle XS', 'oracle2', 35000, 'coupes'),
	('Osiris', 'osiris', 160000, 'super'),
	('Panto', 'panto', 10000, 'compacts'),
	('Paradise', 'paradise', 19000, 'vans'),
	('Pariah', 'pariah', 1420000, 'sports'),
	('Patriot', 'patriot', 55000, 'suvs'),
	('PCJ-600', 'pcj', 6200, 'motorcycles'),
	('Penumbra', 'penumbra', 28000, 'sports'),
	('Pfister', 'pfister811', 85000, 'super'),
	('Phoenix', 'phoenix', 12500, 'muscle'),
	('Picador', 'picador', 18000, 'muscle'),
	('Pigalle', 'pigalle', 20000, 'sportsclassics'),
	('Prairie', 'prairie', 12000, 'compacts'),
	('Premier', 'premier', 8000, 'sedans'),
	('Primo Custom', 'primo2', 14000, 'sedans'),
	('X80 Proto', 'prototipo', 2500000, 'super'),
	('Radius', 'radi', 29000, 'suvs'),
	('raiden', 'raiden', 1375000, 'sports'),
	('Rapid GT', 'rapidgt', 35000, 'sports'),
	('Rapid GT Convertible', 'rapidgt2', 45000, 'sports'),
	('Rapid GT3', 'rapidgt3', 885000, 'sportsclassics'),
	('Reaper', 'reaper', 150000, 'super'),
	('Rebel', 'rebel2', 35000, 'offroad'),
	('Regina', 'regina', 5000, 'sedans'),
	('Retinue', 'retinue', 615000, 'sportsclassics'),
	('Revolter', 'revolter', 1610000, 'sports'),
	('riata', 'riata', 380000, 'offroad'),
	('Rocoto', 'rocoto', 45000, 'suvs'),
	('Ruffian', 'ruffian', 6800, 'motorcycles'),
	('Ruiner 2', 'ruiner2', 5745600, 'muscle'),
	('Rumpo', 'rumpo', 15000, 'vans'),
	('Rumpo Trail', 'rumpo3', 19500, 'vans'),
	('Sabre Turbo', 'sabregt', 20000, 'muscle'),
	('Sabre GT', 'sabregt2', 25000, 'muscle'),
	('Sanchez', 'sanchez', 5300, 'motorcycles'),
	('Sanchez Sport', 'sanchez2', 5300, 'motorcycles'),
	('Sanctus', 'sanctus', 25000, 'motorcycles'),
	('Sandking', 'sandking', 55000, 'offroad'),
	('Savestra', 'savestra', 990000, 'sportsclassics'),
	('SC 1', 'sc1', 1603000, 'super'),
	('Schafter', 'schafter2', 25000, 'sedans'),
	('Schafter V12', 'schafter3', 50000, 'sports'),
	('Scorcher (velo)', 'scorcher', 280, 'motorcycles'),
	('Seminole', 'seminole', 25000, 'suvs'),
	('Sentinel', 'sentinel', 32000, 'coupes'),
	('Sentinel XS', 'sentinel2', 40000, 'coupes'),
	('Sentinel3', 'sentinel3', 650000, 'sports'),
	('Seven 70', 'seven70', 39500, 'sports'),
	('ETR1', 'sheava', 220000, 'super'),
	('Shotaro Concept', 'shotaro', 320000, 'motorcycles'),
	('Slam Van', 'slamvan3', 11500, 'muscle'),
	('Sovereign', 'sovereign', 22000, 'motorcycles'),
	('Stinger', 'stinger', 80000, 'sportsclassics'),
	('Stinger GT', 'stingergt', 75000, 'sportsclassics'),
	('Streiter', 'streiter', 500000, 'sports'),
	('Stretch', 'stretch', 90000, 'sedans'),
	('Stromberg', 'stromberg', 3185350, 'sports'),
	('Sultan', 'sultan', 15000, 'sports'),
	('Sultan RS', 'sultanrs', 65000, 'super'),
	('Super Diamond', 'superd', 130000, 'sedans'),
	('Surano', 'surano', 50000, 'sports'),
	('Surfer', 'surfer', 12000, 'vans'),
	('T20', 't20', 300000, 'super'),
	('Tailgater', 'tailgater', 30000, 'sedans'),
	('Tampa', 'tampa', 16000, 'muscle'),
	('Drift Tampa', 'tampa2', 80000, 'sports'),
	('Thrust', 'thrust', 24000, 'motorcycles'),
	('Tri bike (velo)', 'tribike3', 520, 'motorcycles'),
	('Trophy Truck', 'trophytruck', 60000, 'offroad'),
	('Trophy Truck Limited', 'trophytruck2', 80000, 'offroad'),
	('Tropos', 'tropos', 40000, 'sports'),
	('Turismo R', 'turismor', 350000, 'super'),
	('Tyrus', 'tyrus', 600000, 'super'),
	('Vacca', 'vacca', 120000, 'super'),
	('Vader', 'vader', 7200, 'motorcycles'),
	('Verlierer', 'verlierer2', 70000, 'sports'),
	('Vigero', 'vigero', 12500, 'muscle'),
	('Virgo', 'virgo', 14000, 'muscle'),
	('Viseris', 'viseris', 875000, 'sportsclassics'),
	('Visione', 'visione', 2250000, 'super'),
	('Voltic', 'voltic', 90000, 'super'),
	('Voltic 2', 'voltic2', 3830400, 'super'),
	('Voodoo', 'voodoo', 7200, 'muscle'),
	('Vortex', 'vortex', 9800, 'motorcycles'),
	('Warrener', 'warrener', 4000, 'sedans'),
	('Washington', 'washington', 9000, 'sedans'),
	('Windsor', 'windsor', 95000, 'coupes'),
	('Windsor Drop', 'windsor2', 125000, 'coupes'),
	('Woflsbane', 'wolfsbane', 9000, 'motorcycles'),
	('XLS', 'xls', 32000, 'suvs'),
	('Yosemite', 'yosemite', 485000, 'muscle'),
	('Youga', 'youga', 10800, 'vans'),
	('Youga Luxuary', 'youga2', 14500, 'vans'),
	('Z190', 'z190', 900000, 'sportsclassics'),
	('Zentorno', 'zentorno', 1500000, 'super'),
	('Zion', 'zion', 36000, 'coupes'),
	('Zion Cabrio', 'zion2', 45000, 'coupes'),
	('Zombie', 'zombiea', 9500, 'motorcycles'),
	('Zombie Luxuary', 'zombieb', 12000, 'motorcycles'),
	('Z-Type', 'ztype', 220000, 'sportsclassics');
/*!40000 ALTER TABLE `vehicles` ENABLE KEYS */;

-- Dumping structure for table zap669487-1.vehicle_categories
CREATE TABLE IF NOT EXISTS `vehicle_categories` (
  `name` varchar(60) NOT NULL,
  `label` varchar(60) NOT NULL,
  PRIMARY KEY (`name`)
) ENGINE=InnoDB DEFAULT CHARSET=utf8mb4;

-- Dumping data for table zap669487-1.vehicle_categories: ~11 rows (approximately)
/*!40000 ALTER TABLE `vehicle_categories` DISABLE KEYS */;
INSERT INTO `vehicle_categories` (`name`, `label`) VALUES
	('compacts', 'Compacts'),
	('coupes', 'Coupes'),
	('motorcycles', 'Motos'),
	('muscle', 'Muscle'),
	('offroad', 'Off Road'),
	('sedans', 'Sedans'),
	('sports', 'Sports'),
	('sportsclassics', 'Sports Classics'),
	('super', 'Super'),
	('suvs', 'SUVs'),
	('vans', 'Vans');
/*!40000 ALTER TABLE `vehicle_categories` ENABLE KEYS */;

-- Dumping structure for table zap669487-1.vehicle_sold
CREATE TABLE IF NOT EXISTS `vehicle_sold` (
  `client` varchar(50) NOT NULL,
  `model` varchar(50) NOT NULL,
  `plate` varchar(50) NOT NULL,
  `soldby` varchar(50) NOT NULL,
  `date` varchar(50) NOT NULL,
  PRIMARY KEY (`plate`)
) ENGINE=InnoDB DEFAULT CHARSET=utf8mb4;

-- Dumping data for table zap669487-1.vehicle_sold: ~0 rows (approximately)
/*!40000 ALTER TABLE `vehicle_sold` DISABLE KEYS */;
/*!40000 ALTER TABLE `vehicle_sold` ENABLE KEYS */;

-- Dumping structure for table zap669487-1.weashops
CREATE TABLE IF NOT EXISTS `weashops` (
  `id` int(11) NOT NULL AUTO_INCREMENT,
  `zone` varchar(255) NOT NULL,
  `item` varchar(255) NOT NULL,
  `price` int(11) NOT NULL,
  PRIMARY KEY (`id`)
) ENGINE=InnoDB AUTO_INCREMENT=41 DEFAULT CHARSET=utf8mb4;

-- Dumping data for table zap669487-1.weashops: ~4 rows (approximately)
/*!40000 ALTER TABLE `weashops` DISABLE KEYS */;
INSERT INTO `weashops` (`id`, `zone`, `item`, `price`) VALUES
	(1, 'GunShop', 'WEAPON_PISTOL', 4000),
	(2, 'BlackWeashop', 'WEAPON_PISTOL', 4000),
	(9, 'GunShop', 'WEAPON_BAT', 1000),
	(10, 'BlackWeashop', 'WEAPON_BAT', 1000);
/*!40000 ALTER TABLE `weashops` ENABLE KEYS */;

-- Dumping structure for table zap669487-1.yellowpages_posts
CREATE TABLE IF NOT EXISTS `yellowpages_posts` (
  `id` int(11) NOT NULL AUTO_INCREMENT,
  `authorId` int(11) NOT NULL,
  `realUser` varchar(50) COLLATE utf8mb4_unicode_ci DEFAULT NULL,
  `message` varchar(256) COLLATE utf8mb4_unicode_ci NOT NULL,
  `image` varchar(255) COLLATE utf8mb4_unicode_ci NOT NULL DEFAULT '',
  `time` timestamp NOT NULL DEFAULT current_timestamp(),
  `phone` varchar(50) COLLATE utf8mb4_unicode_ci NOT NULL,
  `likes` int(11) NOT NULL DEFAULT 0,
  PRIMARY KEY (`id`),
  KEY `FK_yellowpages_posts_twitter_accounts` (`authorId`),
  CONSTRAINT `FK_yellowpages_posts_twitter_accounts` FOREIGN KEY (`authorId`) REFERENCES `twitter_accounts` (`id`)
) ENGINE=InnoDB AUTO_INCREMENT=225 DEFAULT CHARSET=utf8mb4 COLLATE=utf8mb4_unicode_ci;

-- Dumping data for table zap669487-1.yellowpages_posts: ~0 rows (approximately)
/*!40000 ALTER TABLE `yellowpages_posts` DISABLE KEYS */;
/*!40000 ALTER TABLE `yellowpages_posts` ENABLE KEYS */;

-- Dumping structure for table zap669487-1.yellow_tweets
CREATE TABLE IF NOT EXISTS `yellow_tweets` (
  `id` int(11) NOT NULL AUTO_INCREMENT,
  `phone_number` varchar(256) COLLATE utf8mb4_unicode_ci DEFAULT NULL,
  `firstname` varchar(256) COLLATE utf8mb4_unicode_ci DEFAULT NULL,
  `lastname` varchar(256) COLLATE utf8mb4_unicode_ci DEFAULT NULL,
  `message` varchar(256) COLLATE utf8mb4_unicode_ci NOT NULL,
  `time` timestamp NOT NULL DEFAULT current_timestamp(),
  PRIMARY KEY (`id`)
) ENGINE=InnoDB AUTO_INCREMENT=830 DEFAULT CHARSET=utf8mb4 COLLATE=utf8mb4_unicode_ci;

-- Dumping data for table zap669487-1.yellow_tweets: ~0 rows (approximately)
/*!40000 ALTER TABLE `yellow_tweets` DISABLE KEYS */;
/*!40000 ALTER TABLE `yellow_tweets` ENABLE KEYS */;

/*!40101 SET SQL_MODE=IFNULL(@OLD_SQL_MODE, '') */;
/*!40014 SET FOREIGN_KEY_CHECKS=IFNULL(@OLD_FOREIGN_KEY_CHECKS, 1) */;
/*!40101 SET CHARACTER_SET_CLIENT=@OLD_CHARACTER_SET_CLIENT */;
/*!40111 SET SQL_NOTES=IFNULL(@OLD_SQL_NOTES, 1) */;
